# Blender 5.0.1
# www.blender.org
mtllib orange_stem.mtl
o orange_stem_right
v -5.009254 1.480712 13.019399
v -5.015256 1.480348 13.023987
v -5.002992 1.480446 13.023681
v -5.005075 1.479933 13.030936
v -5.012668 1.479836 13.031143
v -5.009290 1.482978 13.019637
v -5.015353 1.482592 13.024249
v -5.003069 1.482705 13.023900
v -5.005142 1.482165 13.031192
v -5.012800 1.482038 13.031439
v -5.009396 1.499030 13.021831
v -5.014384 1.498735 13.025648
v -5.004218 1.498802 13.025396
v -5.006018 1.498383 13.031404
v -5.012285 1.498326 13.031543
v -5.009356 1.509135 13.023022
v -5.013679 1.507961 13.026458
v -5.004870 1.510440 13.026217
v -5.006443 1.510075 13.031625
v -5.011880 1.508533 13.031767
v -5.013052 1.520384 13.022268
v -5.017124 1.519192 13.025531
v -5.008847 1.521770 13.025286
v -5.010339 1.521436 13.030427
v -5.015448 1.519845 13.030564
v -5.023572 1.542626 13.025179
v -5.023442 1.541805 13.021579
v -5.026673 1.540879 13.024186
v -5.020092 1.542895 13.023974
v -5.021258 1.542638 13.028062
v -5.025329 1.541394 13.028189
v -5.009254 1.480712 9.408297
v -5.015256 1.480348 9.412886
v -5.002992 1.480446 9.412580
v -5.005075 1.479933 9.419834
v -5.012668 1.479836 9.420042
v -5.009291 1.482978 9.408537
v -5.015353 1.482592 9.413148
v -5.003070 1.482705 9.412799
v -5.005142 1.482165 9.420092
v -5.012800 1.482038 9.420338
v -5.009397 1.499030 9.410729
v -5.014384 1.498735 9.414547
v -5.004219 1.498802 9.414295
v -5.006018 1.498383 9.420302
v -5.012285 1.498326 9.420442
v -5.009356 1.509135 9.411921
v -5.013679 1.507961 9.415357
v -5.004870 1.510440 9.415116
v -5.006443 1.510075 9.420525
v -5.011881 1.508533 9.420666
v -5.013052 1.520384 9.411167
v -5.017124 1.519192 9.414430
v -5.008847 1.521770 9.414185
v -5.010339 1.521436 9.419326
v -5.015448 1.519845 9.419464
v -5.023572 1.542626 9.414078
v -5.023442 1.541805 9.410479
v -5.026673 1.540879 9.413086
v -5.020092 1.542895 9.412874
v -5.021258 1.542638 9.416962
v -5.025330 1.541394 9.417088
v -5.009254 1.480712 2.186098
v -5.015256 1.480348 2.190685
v -5.002992 1.480446 2.190380
v -5.005075 1.479933 2.197636
v -5.012668 1.479836 2.197843
v -5.009290 1.482978 2.186337
v -5.015353 1.482592 2.190948
v -5.003070 1.482705 2.190599
v -5.005142 1.482165 2.197891
v -5.012801 1.482038 2.198138
v -5.009397 1.499030 2.188530
v -5.014385 1.498735 2.192347
v -5.004219 1.498802 2.192095
v -5.006019 1.498383 2.198103
v -5.012285 1.498326 2.198242
v -5.009356 1.509135 2.189720
v -5.013679 1.507961 2.193157
v -5.004870 1.510440 2.192917
v -5.006443 1.510075 2.198325
v -5.011881 1.508533 2.198466
v -5.013052 1.520384 2.188969
v -5.017124 1.519192 2.192230
v -5.008847 1.521770 2.191986
v -5.010340 1.521436 2.197126
v -5.015448 1.519845 2.197265
v -5.023572 1.542626 2.191878
v -5.023443 1.541805 2.188278
v -5.026673 1.540879 2.190886
v -5.020092 1.542895 2.190674
v -5.021258 1.542638 2.194761
v -5.025330 1.541394 2.194889
v -5.009254 1.480712 5.797198
v -5.015256 1.480348 5.801785
v -5.002992 1.480446 5.801480
v -5.005075 1.479933 5.808735
v -5.012668 1.479836 5.808943
v -5.009290 1.482978 5.797437
v -5.015353 1.482592 5.802049
v -5.003070 1.482705 5.801700
v -5.005142 1.482165 5.808991
v -5.012800 1.482038 5.809238
v -5.009397 1.499030 5.799630
v -5.014384 1.498735 5.803448
v -5.004218 1.498802 5.803196
v -5.006018 1.498383 5.809203
v -5.012285 1.498326 5.809342
v -5.009356 1.509135 5.800820
v -5.013679 1.507961 5.804257
v -5.004870 1.510440 5.804017
v -5.006443 1.510075 5.809424
v -5.011881 1.508533 5.809566
v -5.013052 1.520384 5.800068
v -5.017124 1.519192 5.803329
v -5.008847 1.521770 5.803086
v -5.010340 1.521436 5.808227
v -5.015448 1.519845 5.808364
v -5.023572 1.542626 5.802979
v -5.023442 1.541805 5.799378
v -5.026672 1.540879 5.801986
v -5.020092 1.542895 5.801774
v -5.021259 1.542638 5.805861
v -5.025330 1.541394 5.805989
v -5.009254 1.480712 -8.647200
v -5.015256 1.480348 -8.642614
v -5.002991 1.480446 -8.642920
v -5.005075 1.479933 -8.635664
v -5.012668 1.479836 -8.635458
v -5.009290 1.482978 -8.646963
v -5.015354 1.482592 -8.642351
v -5.003070 1.482705 -8.642698
v -5.005142 1.482165 -8.635408
v -5.012800 1.482038 -8.635160
v -5.009396 1.499030 -8.644770
v -5.014384 1.498735 -8.640951
v -5.004218 1.498802 -8.641203
v -5.006019 1.498383 -8.635199
v -5.012285 1.498326 -8.635057
v -5.009356 1.509135 -8.643579
v -5.013678 1.507961 -8.640142
v -5.004869 1.510440 -8.640383
v -5.006442 1.510075 -8.634974
v -5.011880 1.508533 -8.634832
v -5.013052 1.520384 -8.644331
v -5.017123 1.519192 -8.641069
v -5.008847 1.521770 -8.641314
v -5.010340 1.521436 -8.636171
v -5.015447 1.519845 -8.636036
v -5.023572 1.542626 -8.641420
v -5.023441 1.541805 -8.645021
v -5.026673 1.540879 -8.642412
v -5.020091 1.542895 -8.642626
v -5.021259 1.542638 -8.638538
v -5.025329 1.541394 -8.638411
v -5.009254 1.480712 -12.258303
v -5.015256 1.480348 -12.253714
v -5.002991 1.480446 -12.254019
v -5.005075 1.479933 -12.246763
v -5.012667 1.479836 -12.246557
v -5.009290 1.482978 -12.258062
v -5.015353 1.482592 -12.253450
v -5.003069 1.482705 -12.253799
v -5.005142 1.482165 -12.246508
v -5.012799 1.482038 -12.246260
v -5.009396 1.499030 -12.255869
v -5.014383 1.498735 -12.252050
v -5.004218 1.498802 -12.252304
v -5.006018 1.498383 -12.246298
v -5.012283 1.498326 -12.246157
v -5.009355 1.509135 -12.254679
v -5.013678 1.507961 -12.251242
v -5.004869 1.510440 -12.251482
v -5.006442 1.510075 -12.246075
v -5.011880 1.508533 -12.245934
v -5.013052 1.520384 -12.255430
v -5.017122 1.519192 -12.252169
v -5.008846 1.521770 -12.252413
v -5.010339 1.521436 -12.247272
v -5.015447 1.519845 -12.247137
v -5.023571 1.542626 -12.252520
v -5.023440 1.541805 -12.256121
v -5.026671 1.540879 -12.253513
v -5.020091 1.542895 -12.253725
v -5.021258 1.542638 -12.249638
v -5.025328 1.541394 -12.249510
v -5.009254 1.480712 -5.036102
v -5.015256 1.480348 -5.031515
v -5.002991 1.480446 -5.031820
v -5.005075 1.479933 -5.024565
v -5.012667 1.479836 -5.024359
v -5.009290 1.482978 -5.035864
v -5.015353 1.482592 -5.031252
v -5.003069 1.482705 -5.031601
v -5.005141 1.482165 -5.024309
v -5.012799 1.482038 -5.024061
v -5.009396 1.499030 -5.033670
v -5.014383 1.498735 -5.029852
v -5.004218 1.498802 -5.030106
v -5.006019 1.498383 -5.024097
v -5.012284 1.498326 -5.023958
v -5.009355 1.509135 -5.032480
v -5.013678 1.507961 -5.029043
v -5.004869 1.510440 -5.029284
v -5.006442 1.510075 -5.023874
v -5.011880 1.508533 -5.023733
v -5.013052 1.520384 -5.033232
v -5.017123 1.519192 -5.029970
v -5.008846 1.521770 -5.030214
v -5.010339 1.521436 -5.025074
v -5.015448 1.519845 -5.024937
v -5.023571 1.542626 -5.030321
v -5.023441 1.541805 -5.033922
v -5.026672 1.540879 -5.031315
v -5.020091 1.542895 -5.031527
v -5.021257 1.542638 -5.027439
v -5.025329 1.541394 -5.027311
v -5.009254 1.480712 -1.425002
v -5.015255 1.480348 -1.420414
v -5.002992 1.480446 -1.420719
v -5.005075 1.479933 -1.413465
v -5.012667 1.479836 -1.413258
v -5.009290 1.482978 -1.424763
v -5.015353 1.482592 -1.420153
v -5.003069 1.482705 -1.420500
v -5.005141 1.482165 -1.413208
v -5.012800 1.482038 -1.412962
v -5.009396 1.499030 -1.422569
v -5.014384 1.498735 -1.418753
v -5.004218 1.498802 -1.419004
v -5.006018 1.498383 -1.412997
v -5.012284 1.498326 -1.412857
v -5.009356 1.509135 -1.421379
v -5.013678 1.507961 -1.417943
v -5.004870 1.510440 -1.418183
v -5.006443 1.510075 -1.412775
v -5.011880 1.508533 -1.412634
v -5.013052 1.520384 -1.422132
v -5.017124 1.519192 -1.418870
v -5.008847 1.521770 -1.419115
v -5.010339 1.521436 -1.413973
v -5.015447 1.519845 -1.413836
v -5.023571 1.542626 -1.419222
v -5.023442 1.541805 -1.422821
v -5.026673 1.540879 -1.420214
v -5.020091 1.542895 -1.420425
v -5.021258 1.542638 -1.416339
v -5.025329 1.541394 -1.416211
v -1.009254 1.480712 13.019398
v -1.015256 1.480348 13.023986
v -1.002992 1.480446 13.023681
v -1.005075 1.479933 13.030935
v -1.012668 1.479836 13.031143
v -1.009291 1.482978 13.019637
v -1.015353 1.482592 13.024248
v -1.003070 1.482705 13.023900
v -1.005142 1.482165 13.031192
v -1.012800 1.482038 13.031439
v -1.009397 1.499030 13.021831
v -1.014384 1.498735 13.025648
v -1.004218 1.498802 13.025396
v -1.006018 1.498383 13.031403
v -1.012285 1.498326 13.031543
v -1.009356 1.509135 13.023021
v -1.013679 1.507961 13.026458
v -1.004870 1.510440 13.026217
v -1.006443 1.510075 13.031625
v -1.011881 1.508533 13.031766
v -1.013052 1.520384 13.022268
v -1.017124 1.519192 13.025530
v -1.008847 1.521770 13.025286
v -1.010340 1.521436 13.030427
v -1.015448 1.519845 13.030564
v -1.023572 1.542626 13.025179
v -1.023442 1.541805 13.021579
v -1.026673 1.540879 13.024186
v -1.020092 1.542895 13.023974
v -1.021259 1.542638 13.028062
v -1.025330 1.541394 13.028189
v -1.009254 1.480712 9.408297
v -1.015256 1.480348 9.412885
v -1.002992 1.480446 9.412580
v -1.005075 1.479933 9.419834
v -1.012668 1.479836 9.420042
v -1.009291 1.482978 9.408536
v -1.015353 1.482592 9.413147
v -1.003070 1.482705 9.412799
v -1.005142 1.482165 9.420091
v -1.012801 1.482038 9.420338
v -1.009397 1.499030 9.410729
v -1.014385 1.498735 9.414547
v -1.004219 1.498802 9.414295
v -1.006018 1.498383 9.420301
v -1.012285 1.498326 9.420442
v -1.009356 1.509135 9.411921
v -1.013679 1.507961 9.415356
v -1.004870 1.510440 9.415116
v -1.006443 1.510075 9.420524
v -1.011881 1.508533 9.420666
v -1.013053 1.520384 9.411167
v -1.017125 1.519192 9.414429
v -1.008847 1.521770 9.414185
v -1.010340 1.521436 9.419326
v -1.015448 1.519845 9.419464
v -1.023573 1.542626 9.414078
v -1.023442 1.541805 9.410478
v -1.026673 1.540879 9.413085
v -1.020092 1.542895 9.412873
v -1.021259 1.542638 9.416961
v -1.025330 1.541394 9.417088
v -1.009254 1.480712 2.186098
v -1.015256 1.480348 2.190685
v -1.002993 1.480446 2.190380
v -1.005075 1.479933 2.197636
v -1.012668 1.479836 2.197843
v -1.009291 1.482978 2.186337
v -1.015354 1.482592 2.190948
v -1.003071 1.482705 2.190599
v -1.005142 1.482165 2.197891
v -1.012801 1.482038 2.198138
v -1.009397 1.499030 2.188530
v -1.014385 1.498735 2.192347
v -1.004219 1.498802 2.192095
v -1.006019 1.498383 2.198103
v -1.012285 1.498326 2.198241
v -1.009356 1.509135 2.189720
v -1.013679 1.507961 2.193157
v -1.004870 1.510440 2.192917
v -1.006444 1.510075 2.198324
v -1.011882 1.508533 2.198466
v -1.013053 1.520384 2.188969
v -1.017125 1.519192 2.192230
v -1.008848 1.521770 2.191986
v -1.010340 1.521436 2.197126
v -1.015448 1.519845 2.197264
v -1.023572 1.542626 2.191877
v -1.023443 1.541805 2.188278
v -1.026674 1.540879 2.190886
v -1.020092 1.542895 2.190674
v -1.021259 1.542638 2.194761
v -1.025330 1.541394 2.194888
v -1.009254 1.480712 5.797197
v -1.015256 1.480348 5.801785
v -1.002993 1.480446 5.801480
v -1.005075 1.479933 5.808735
v -1.012668 1.479836 5.808942
v -1.009291 1.482978 5.797436
v -1.015353 1.482592 5.802048
v -1.003070 1.482705 5.801699
v -1.005142 1.482165 5.808991
v -1.012800 1.482038 5.809238
v -1.009397 1.499030 5.799630
v -1.014384 1.498735 5.803447
v -1.004218 1.498802 5.803195
v -1.006018 1.498383 5.809203
v -1.012285 1.498326 5.809341
v -1.009356 1.509135 5.800820
v -1.013680 1.507961 5.804257
v -1.004870 1.510440 5.804016
v -1.006443 1.510075 5.809424
v -1.011881 1.508533 5.809566
v -1.013052 1.520384 5.800068
v -1.017124 1.519192 5.803329
v -1.008847 1.521770 5.803085
v -1.010339 1.521436 5.808226
v -1.015448 1.519845 5.808364
v -1.023572 1.542626 5.802979
v -1.023442 1.541805 5.799378
v -1.026673 1.540879 5.801986
v -1.020092 1.542895 5.801774
v -1.021259 1.542638 5.805861
v -1.025330 1.541394 5.805988
v -1.009254 1.480712 -8.647203
v -1.015256 1.480348 -8.642614
v -1.002992 1.480446 -8.642920
v -1.005076 1.479933 -8.635664
v -1.012668 1.479836 -8.635458
v -1.009290 1.482978 -8.646963
v -1.015354 1.482592 -8.642351
v -1.003071 1.482705 -8.642700
v -1.005143 1.482165 -8.635408
v -1.012800 1.482038 -8.635160
v -1.009396 1.499030 -8.644770
v -1.014384 1.498735 -8.640951
v -1.004218 1.498802 -8.641203
v -1.006018 1.498383 -8.635197
v -1.012285 1.498326 -8.635056
v -1.009356 1.509135 -8.643579
v -1.013679 1.507961 -8.640142
v -1.004870 1.510440 -8.640383
v -1.006442 1.510075 -8.634974
v -1.011880 1.508533 -8.634832
v -1.013052 1.520384 -8.644331
v -1.017124 1.519192 -8.641069
v -1.008848 1.521770 -8.641315
v -1.010340 1.521436 -8.636171
v -1.015448 1.519845 -8.636038
v -1.023572 1.542626 -8.641420
v -1.023442 1.541805 -8.645021
v -1.026673 1.540879 -8.642414
v -1.020092 1.542895 -8.642626
v -1.021259 1.542638 -8.638540
v -1.025329 1.541394 -8.638411
v -1.009254 1.480712 -12.258303
v -1.015256 1.480348 -12.253714
v -1.002992 1.480446 -12.254019
v -1.005075 1.479933 -12.246765
v -1.012667 1.479836 -12.246557
v -1.009290 1.482978 -12.258062
v -1.015353 1.482592 -12.253450
v -1.003070 1.482705 -12.253801
v -1.005142 1.482165 -12.246508
v -1.012799 1.482038 -12.246260
v -1.009396 1.499030 -12.255869
v -1.014384 1.498735 -12.252052
v -1.004218 1.498802 -12.252304
v -1.006018 1.498383 -12.246298
v -1.012283 1.498326 -12.246157
v -1.009356 1.509135 -12.254679
v -1.013678 1.507961 -12.251242
v -1.004869 1.510440 -12.251482
v -1.006442 1.510075 -12.246075
v -1.011879 1.508533 -12.245932
v -1.013052 1.520384 -12.255430
v -1.017123 1.519192 -12.252169
v -1.008846 1.521770 -12.252415
v -1.010340 1.521436 -12.247274
v -1.015448 1.519845 -12.247137
v -1.023571 1.542626 -12.252520
v -1.023441 1.541805 -12.256121
v -1.026672 1.540879 -12.253513
v -1.020092 1.542895 -12.253725
v -1.021259 1.542638 -12.249640
v -1.025328 1.541394 -12.249510
v -1.009254 1.480712 -5.036102
v -1.015255 1.480348 -5.031515
v -1.002990 1.480446 -5.031820
v -1.005074 1.479933 -5.024565
v -1.012666 1.479836 -5.024359
v -1.009289 1.482978 -5.035866
v -1.015353 1.482592 -5.031252
v -1.003068 1.482705 -5.031603
v -1.005141 1.482165 -5.024309
v -1.012798 1.482038 -5.024061
v -1.009395 1.499030 -5.033670
v -1.014383 1.498735 -5.029852
v -1.004218 1.498802 -5.030106
v -1.006018 1.498383 -5.024099
v -1.012283 1.498326 -5.023958
v -1.009355 1.509135 -5.032480
v -1.013677 1.507961 -5.029043
v -1.004868 1.510440 -5.029284
v -1.006442 1.510075 -5.023878
v -1.011880 1.508533 -5.023735
v -1.013052 1.520384 -5.033234
v -1.017123 1.519192 -5.029970
v -1.008845 1.521770 -5.030214
v -1.010338 1.521436 -5.025074
v -1.015447 1.519845 -5.024937
v -1.023572 1.542626 -5.030323
v -1.023441 1.541805 -5.033922
v -1.026672 1.540879 -5.031313
v -1.020092 1.542895 -5.031527
v -1.021258 1.542638 -5.027441
v -1.025328 1.541394 -5.027311
v -1.009254 1.480712 -1.425003
v -1.015255 1.480348 -1.420414
v -1.002992 1.480446 -1.420720
v -1.005075 1.479933 -1.413464
v -1.012668 1.479836 -1.413258
v -1.009290 1.482978 -1.424764
v -1.015354 1.482592 -1.420152
v -1.003070 1.482705 -1.420500
v -1.005142 1.482165 -1.413208
v -1.012801 1.482038 -1.412962
v -1.009396 1.499030 -1.422570
v -1.014383 1.498735 -1.418754
v -1.004218 1.498802 -1.419004
v -1.006019 1.498383 -1.412996
v -1.012285 1.498326 -1.412858
v -1.009356 1.509135 -1.421379
v -1.013679 1.507961 -1.417943
v -1.004870 1.510440 -1.418183
v -1.006443 1.510075 -1.412775
v -1.011880 1.508533 -1.412634
v -1.013052 1.520384 -1.422132
v -1.017124 1.519192 -1.418870
v -1.008847 1.521770 -1.419115
v -1.010339 1.521436 -1.413973
v -1.015447 1.519845 -1.413836
v -1.023572 1.542626 -1.419222
v -1.023442 1.541805 -1.422822
v -1.026673 1.540879 -1.420214
v -1.020091 1.542895 -1.420425
v -1.021257 1.542638 -1.416339
v -1.025330 1.541394 -1.416211
v 6.990746 1.480712 13.019398
v 6.984744 1.480348 13.023986
v 6.997006 1.480446 13.023680
v 6.994925 1.479933 13.030935
v 6.987331 1.479836 13.031141
v 6.990708 1.482978 13.019636
v 6.984646 1.482592 13.024248
v 6.996929 1.482705 13.023899
v 6.994857 1.482165 13.031191
v 6.987199 1.482038 13.031439
v 6.990603 1.499030 13.021830
v 6.985615 1.498735 13.025646
v 6.995780 1.498802 13.025395
v 6.993981 1.498383 13.031403
v 6.987715 1.498326 13.031542
v 6.990644 1.509135 13.023020
v 6.986321 1.507961 13.026457
v 6.995130 1.510440 13.026217
v 6.993556 1.510075 13.031624
v 6.988118 1.508533 13.031765
v 6.986947 1.520384 13.022268
v 6.982875 1.519192 13.025530
v 6.991153 1.521770 13.025286
v 6.989659 1.521436 13.030426
v 6.984551 1.519845 13.030563
v 6.976427 1.542626 13.025178
v 6.976558 1.541805 13.021578
v 6.973327 1.540879 13.024185
v 6.979908 1.542895 13.023973
v 6.978741 1.542638 13.028061
v 6.974669 1.541394 13.028189
v 6.990745 1.480712 9.408297
v 6.984743 1.480348 9.412884
v 6.997006 1.480446 9.412579
v 6.994924 1.479933 9.419834
v 6.987332 1.479836 9.420041
v 6.990708 1.482978 9.408535
v 6.984647 1.482592 9.413147
v 6.996929 1.482705 9.412798
v 6.994857 1.482165 9.420091
v 6.987199 1.482038 9.420337
v 6.990602 1.499030 9.410728
v 6.985614 1.498735 9.414546
v 6.995780 1.498802 9.414294
v 6.993981 1.498383 9.420301
v 6.987714 1.498326 9.420441
v 6.990644 1.509135 9.411920
v 6.986320 1.507961 9.415356
v 6.995130 1.510440 9.415115
v 6.993556 1.510075 9.420524
v 6.988118 1.508533 9.420665
v 6.986946 1.520384 9.411167
v 6.982875 1.519192 9.414429
v 6.991153 1.521770 9.414185
v 6.989659 1.521436 9.419325
v 6.984551 1.519845 9.419463
v 6.976427 1.542626 9.414077
v 6.976557 1.541805 9.410478
v 6.973327 1.540879 9.413085
v 6.979907 1.542895 9.412872
v 6.978740 1.542638 9.416961
v 6.974669 1.541394 9.417088
v 6.990745 1.480712 2.186097
v 6.984743 1.480348 2.190685
v 6.997006 1.480446 2.190379
v 6.994925 1.479933 2.197635
v 6.987331 1.479836 2.197842
v 6.990708 1.482978 2.186337
v 6.984646 1.482592 2.190947
v 6.996929 1.482705 2.190598
v 6.994858 1.482165 2.197889
v 6.987199 1.482038 2.198137
v 6.990602 1.499030 2.188529
v 6.985614 1.498735 2.192348
v 6.995780 1.498802 2.192095
v 6.993981 1.498383 2.198101
v 6.987715 1.498326 2.198241
v 6.990644 1.509135 2.189719
v 6.986320 1.507961 2.193156
v 6.995129 1.510440 2.192916
v 6.993556 1.510075 2.198324
v 6.988117 1.508533 2.198466
v 6.986946 1.520384 2.188968
v 6.982875 1.519192 2.192229
v 6.991152 1.521770 2.191984
v 6.989659 1.521436 2.197126
v 6.984550 1.519845 2.197264
v 6.976427 1.542626 2.191877
v 6.976556 1.541805 2.188278
v 6.973326 1.540879 2.190886
v 6.979907 1.542895 2.190674
v 6.978740 1.542638 2.194760
v 6.974669 1.541394 2.194888
v 6.990746 1.480712 5.797197
v 6.984743 1.480348 5.801785
v 6.997006 1.480446 5.801480
v 6.994924 1.479933 5.808734
v 6.987330 1.479836 5.808942
v 6.990708 1.482978 5.797436
v 6.984647 1.482592 5.802047
v 6.996929 1.482705 5.801698
v 6.994857 1.482165 5.808991
v 6.987198 1.482038 5.809238
v 6.990602 1.499030 5.799629
v 6.985616 1.498735 5.803447
v 6.995782 1.498802 5.803195
v 6.993981 1.498383 5.809203
v 6.987714 1.498326 5.809341
v 6.990644 1.509135 5.800820
v 6.986320 1.507961 5.804256
v 6.995129 1.510440 5.804016
v 6.993556 1.510075 5.809424
v 6.988118 1.508533 5.809566
v 6.986947 1.520384 5.800067
v 6.982875 1.519192 5.803329
v 6.991152 1.521770 5.803085
v 6.989660 1.521436 5.808226
v 6.984551 1.519845 5.808363
v 6.976428 1.542626 5.802977
v 6.976557 1.541805 5.799378
v 6.973327 1.540879 5.801985
v 6.979908 1.542895 5.801773
v 6.978741 1.542638 5.805861
v 6.974669 1.541394 5.805988
v 6.990746 1.480712 -8.647203
v 6.984743 1.480348 -8.642614
v 6.997008 1.480446 -8.642920
v 6.994924 1.479933 -8.635664
v 6.987332 1.479836 -8.635458
v 6.990708 1.482978 -8.646965
v 6.984645 1.482592 -8.642351
v 6.996930 1.482705 -8.642700
v 6.994857 1.482165 -8.635408
v 6.987199 1.482038 -8.635160
v 6.990603 1.499030 -8.644770
v 6.985615 1.498735 -8.640951
v 6.995780 1.498802 -8.641205
v 6.993980 1.498383 -8.635199
v 6.987715 1.498326 -8.635057
v 6.990644 1.509135 -8.643579
v 6.986321 1.507961 -8.640142
v 6.995130 1.510440 -8.640383
v 6.993556 1.510075 -8.634975
v 6.988118 1.508533 -8.634834
v 6.986945 1.520384 -8.644333
v 6.982875 1.519192 -8.641069
v 6.991153 1.521770 -8.641314
v 6.989659 1.521436 -8.636173
v 6.984551 1.519845 -8.636038
v 6.976426 1.542626 -8.641422
v 6.976558 1.541805 -8.645021
v 6.973326 1.540879 -8.642414
v 6.979907 1.542895 -8.642626
v 6.978740 1.542638 -8.638538
v 6.974669 1.541394 -8.638411
v 6.990747 1.480712 -12.258303
v 6.984744 1.480348 -12.253716
v 6.997009 1.480446 -12.254019
v 6.994924 1.479933 -12.246763
v 6.987332 1.479836 -12.246557
v 6.990709 1.482978 -12.258064
v 6.984645 1.482592 -12.253452
v 6.996931 1.482705 -12.253801
v 6.994857 1.482165 -12.246508
v 6.987199 1.482038 -12.246262
v 6.990605 1.499030 -12.255869
v 6.985616 1.498735 -12.252052
v 6.995780 1.498802 -12.252306
v 6.993981 1.498383 -12.246298
v 6.987716 1.498326 -12.246157
v 6.990645 1.509135 -12.254679
v 6.986321 1.507961 -12.251242
v 6.995131 1.510440 -12.251482
v 6.993557 1.510075 -12.246077
v 6.988120 1.508533 -12.245935
v 6.986946 1.520384 -12.255434
v 6.982875 1.519192 -12.252169
v 6.991153 1.521770 -12.252413
v 6.989661 1.521436 -12.247272
v 6.984552 1.519845 -12.247137
v 6.976429 1.542626 -12.252523
v 6.976558 1.541805 -12.256121
v 6.973329 1.540879 -12.253515
v 6.979909 1.542895 -12.253727
v 6.978741 1.542638 -12.249636
v 6.974671 1.541394 -12.249510
v 6.990745 1.480712 -5.036104
v 6.984744 1.480348 -5.031515
v 6.997008 1.480446 -5.031822
v 6.994925 1.479933 -5.024567
v 6.987332 1.479836 -5.024361
v 6.990710 1.482978 -5.035866
v 6.984648 1.482592 -5.031254
v 6.996930 1.482705 -5.031603
v 6.994859 1.482165 -5.024309
v 6.987202 1.482038 -5.024063
v 6.990604 1.499030 -5.033670
v 6.985616 1.498735 -5.029854
v 6.995782 1.498802 -5.030107
v 6.993981 1.498383 -5.024099
v 6.987716 1.498326 -5.023960
v 6.990645 1.509135 -5.032482
v 6.986323 1.507961 -5.029043
v 6.995131 1.510440 -5.029285
v 6.993558 1.510075 -5.023878
v 6.988120 1.508533 -5.023737
v 6.986948 1.520384 -5.033236
v 6.982876 1.519192 -5.029970
v 6.991154 1.521770 -5.030216
v 6.989662 1.521436 -5.025076
v 6.984551 1.519845 -5.024939
v 6.976428 1.542626 -5.030323
v 6.976558 1.541805 -5.033922
v 6.973327 1.540879 -5.031315
v 6.979909 1.542895 -5.031528
v 6.978742 1.542638 -5.027441
v 6.974671 1.541394 -5.027313
v 6.990746 1.480712 -1.425002
v 6.984744 1.480348 -1.420414
v 6.997007 1.480446 -1.420721
v 6.994924 1.479933 -1.413465
v 6.987331 1.479836 -1.413259
v 6.990709 1.482978 -1.424764
v 6.984646 1.482592 -1.420153
v 6.996929 1.482705 -1.420501
v 6.994857 1.482165 -1.413209
v 6.987200 1.482038 -1.412962
v 6.990603 1.499030 -1.422571
v 6.985616 1.498735 -1.418755
v 6.995781 1.498802 -1.419005
v 6.993981 1.498383 -1.412998
v 6.987714 1.498326 -1.412859
v 6.990644 1.509135 -1.421381
v 6.986320 1.507961 -1.417944
v 6.995130 1.510440 -1.418184
v 6.993557 1.510075 -1.412776
v 6.988119 1.508533 -1.412635
v 6.986947 1.520384 -1.422132
v 6.982875 1.519192 -1.418871
v 6.991152 1.521770 -1.419115
v 6.989660 1.521436 -1.413975
v 6.984552 1.519845 -1.413837
v 6.976428 1.542626 -1.419222
v 6.976558 1.541805 -1.422823
v 6.973327 1.540879 -1.420214
v 6.979908 1.542895 -1.420426
v 6.978742 1.542638 -1.416340
v 6.974669 1.541394 -1.416212
v 2.990746 1.480712 13.019399
v 2.984744 1.480348 13.023986
v 2.997008 1.480446 13.023681
v 2.994925 1.479933 13.030935
v 2.987332 1.479836 13.031143
v 2.990709 1.482978 13.019637
v 2.984647 1.482592 13.024249
v 2.996930 1.482705 13.023901
v 2.994858 1.482165 13.031192
v 2.987200 1.482038 13.031439
v 2.990603 1.499030 13.021831
v 2.985616 1.498735 13.025648
v 2.995782 1.498802 13.025396
v 2.993982 1.498383 13.031404
v 2.987716 1.498326 13.031543
v 2.990644 1.509135 13.023022
v 2.986321 1.507961 13.026458
v 2.995130 1.510440 13.026217
v 2.993557 1.510075 13.031626
v 2.988119 1.508533 13.031767
v 2.986947 1.520384 13.022268
v 2.982876 1.519192 13.025530
v 2.991153 1.521770 13.025286
v 2.989660 1.521436 13.030427
v 2.984552 1.519845 13.030564
v 2.976428 1.542626 13.025179
v 2.976558 1.541805 13.021580
v 2.973327 1.540879 13.024187
v 2.979909 1.542895 13.023974
v 2.978742 1.542638 13.028062
v 2.974670 1.541394 13.028189
v 2.990746 1.480712 9.408298
v 2.984744 1.480348 9.412886
v 2.997007 1.480446 9.412580
v 2.994925 1.479933 9.419834
v 2.987332 1.479836 9.420042
v 2.990709 1.482978 9.408536
v 2.984647 1.482592 9.413147
v 2.996930 1.482705 9.412799
v 2.994858 1.482165 9.420091
v 2.987200 1.482038 9.420338
v 2.990603 1.499030 9.410729
v 2.985615 1.498735 9.414547
v 2.995781 1.498802 9.414295
v 2.993981 1.498383 9.420302
v 2.987715 1.498326 9.420442
v 2.990644 1.509135 9.411921
v 2.986321 1.507961 9.415357
v 2.995130 1.510440 9.415116
v 2.993557 1.510075 9.420525
v 2.988119 1.508533 9.420666
v 2.986947 1.520384 9.411167
v 2.982876 1.519192 9.414429
v 2.991153 1.521770 9.414185
v 2.989660 1.521436 9.419326
v 2.984552 1.519845 9.419464
v 2.976428 1.542626 9.414078
v 2.976558 1.541805 9.410479
v 2.973327 1.540879 9.413086
v 2.979908 1.542895 9.412874
v 2.978741 1.542638 9.416962
v 2.974670 1.541394 9.417088
v 2.990746 1.480712 2.186098
v 2.984744 1.480348 2.190686
v 2.997007 1.480446 2.190380
v 2.994925 1.479933 2.197635
v 2.987332 1.479836 2.197843
v 2.990709 1.482978 2.186337
v 2.984647 1.482592 2.190948
v 2.996930 1.482705 2.190599
v 2.994859 1.482165 2.197891
v 2.987200 1.482038 2.198138
v 2.990603 1.499030 2.188530
v 2.985615 1.498735 2.192348
v 2.995781 1.498802 2.192096
v 2.993982 1.498383 2.198102
v 2.987716 1.498326 2.198241
v 2.990644 1.509135 2.189720
v 2.986320 1.507961 2.193157
v 2.995130 1.510440 2.192917
v 2.993556 1.510075 2.198325
v 2.988118 1.508533 2.198466
v 2.986947 1.520384 2.188969
v 2.982876 1.519192 2.192230
v 2.991153 1.521770 2.191985
v 2.989659 1.521436 2.197126
v 2.984551 1.519845 2.197265
v 2.976428 1.542626 2.191878
v 2.976556 1.541805 2.188279
v 2.973327 1.540879 2.190886
v 2.979908 1.542895 2.190674
v 2.978741 1.542638 2.194761
v 2.974670 1.541394 2.194888
v 2.990746 1.480712 5.797197
v 2.984744 1.480348 5.801785
v 2.997007 1.480446 5.801481
v 2.994925 1.479933 5.808735
v 2.987332 1.479836 5.808942
v 2.990709 1.482978 5.797436
v 2.984647 1.482592 5.802049
v 2.996930 1.482705 5.801699
v 2.994858 1.482165 5.808991
v 2.987200 1.482038 5.809238
v 2.990603 1.499030 5.799630
v 2.985616 1.498735 5.803447
v 2.995782 1.498802 5.803195
v 2.993981 1.498383 5.809203
v 2.987715 1.498326 5.809342
v 2.990644 1.509135 5.800820
v 2.986320 1.507961 5.804258
v 2.995131 1.510440 5.804017
v 2.993557 1.510075 5.809424
v 2.988119 1.508533 5.809566
v 2.986948 1.520384 5.800068
v 2.982876 1.519192 5.803329
v 2.991154 1.521770 5.803085
v 2.989661 1.521436 5.808226
v 2.984551 1.519845 5.808364
v 2.976428 1.542626 5.802978
v 2.976558 1.541805 5.799379
v 2.973327 1.540879 5.801986
v 2.979908 1.542895 5.801774
v 2.978742 1.542638 5.805861
v 2.974670 1.541394 5.805989
v 2.990746 1.480712 -8.647203
v 2.984744 1.480348 -8.642614
v 2.997008 1.480446 -8.642920
v 2.994924 1.479933 -8.635664
v 2.987332 1.479836 -8.635458
v 2.990710 1.482978 -8.646963
v 2.984647 1.482592 -8.642351
v 2.996929 1.482705 -8.642700
v 2.994857 1.482165 -8.635408
v 2.987201 1.482038 -8.635160
v 2.990603 1.499030 -8.644770
v 2.985616 1.498735 -8.640951
v 2.995782 1.498802 -8.641203
v 2.993983 1.498383 -8.635197
v 2.987716 1.498326 -8.635056
v 2.990644 1.509135 -8.643579
v 2.986321 1.507961 -8.640142
v 2.995130 1.510440 -8.640383
v 2.993558 1.510075 -8.634974
v 2.988120 1.508533 -8.634832
v 2.986947 1.520384 -8.644331
v 2.982875 1.519192 -8.641069
v 2.991153 1.521770 -8.641314
v 2.989661 1.521436 -8.636171
v 2.984552 1.519845 -8.636036
v 2.976428 1.542626 -8.641420
v 2.976558 1.541805 -8.645021
v 2.973326 1.540879 -8.642414
v 2.979908 1.542895 -8.642626
v 2.978741 1.542638 -8.638538
v 2.974672 1.541394 -8.638411
v 2.990746 1.480712 -12.258303
v 2.984744 1.480348 -12.253714
v 2.997008 1.480446 -12.254019
v 2.994925 1.479933 -12.246763
v 2.987333 1.479836 -12.246557
v 2.990710 1.482978 -12.258062
v 2.984648 1.482592 -12.253450
v 2.996930 1.482705 -12.253801
v 2.994858 1.482165 -12.246508
v 2.987202 1.482038 -12.246260
v 2.990604 1.499030 -12.255869
v 2.985616 1.498735 -12.252050
v 2.995783 1.498802 -12.252302
v 2.993984 1.498383 -12.246298
v 2.987717 1.498326 -12.246157
v 2.990644 1.509135 -12.254679
v 2.986322 1.507961 -12.251242
v 2.995131 1.510440 -12.251482
v 2.993558 1.510075 -12.246073
v 2.988120 1.508533 -12.245932
v 2.986949 1.520384 -12.255430
v 2.982876 1.519192 -12.252169
v 2.991154 1.521770 -12.252415
v 2.989661 1.521436 -12.247272
v 2.984553 1.519845 -12.247137
v 2.976430 1.542626 -12.252520
v 2.976559 1.541805 -12.256121
v 2.973327 1.540879 -12.253513
v 2.979908 1.542895 -12.253725
v 2.978742 1.542638 -12.249640
v 2.974673 1.541394 -12.249510
v 2.990746 1.480712 -5.036102
v 2.984746 1.480348 -5.031515
v 2.997010 1.480446 -5.031820
v 2.994925 1.479933 -5.024567
v 2.987334 1.479836 -5.024359
v 2.990711 1.482978 -5.035866
v 2.984647 1.482592 -5.031254
v 2.996932 1.482705 -5.031601
v 2.994859 1.482165 -5.024309
v 2.987202 1.482038 -5.024061
v 2.990605 1.499030 -5.033670
v 2.985618 1.498735 -5.029854
v 2.995784 1.498802 -5.030106
v 2.993982 1.498383 -5.024099
v 2.987717 1.498326 -5.023958
v 2.990645 1.509135 -5.032480
v 2.986323 1.507961 -5.029043
v 2.995131 1.510440 -5.029284
v 2.993560 1.510075 -5.023876
v 2.988120 1.508533 -5.023735
v 2.986948 1.520384 -5.033234
v 2.982877 1.519192 -5.029970
v 2.991155 1.521770 -5.030216
v 2.989661 1.521436 -5.025074
v 2.984553 1.519845 -5.024937
v 2.976428 1.542626 -5.030321
v 2.976560 1.541805 -5.033922
v 2.973328 1.540879 -5.031315
v 2.979909 1.542895 -5.031527
v 2.978742 1.542638 -5.027441
v 2.974672 1.541394 -5.027311
v 2.990746 1.480712 -1.425002
v 2.984745 1.480348 -1.420414
v 2.997008 1.480446 -1.420720
v 2.994925 1.479933 -1.413464
v 2.987332 1.479836 -1.413258
v 2.990710 1.482978 -1.424764
v 2.984647 1.482592 -1.420151
v 2.996930 1.482705 -1.420500
v 2.994858 1.482165 -1.413208
v 2.987200 1.482038 -1.412962
v 2.990604 1.499030 -1.422569
v 2.985617 1.498735 -1.418754
v 2.995782 1.498802 -1.419004
v 2.993981 1.498383 -1.412996
v 2.987715 1.498326 -1.412858
v 2.990644 1.509135 -1.421379
v 2.986321 1.507961 -1.417942
v 2.995130 1.510440 -1.418182
v 2.993558 1.510075 -1.412775
v 2.988120 1.508533 -1.412634
v 2.986948 1.520384 -1.422132
v 2.982876 1.519192 -1.418869
v 2.991153 1.521770 -1.419114
v 2.989661 1.521436 -1.413973
v 2.984553 1.519845 -1.413836
v 2.976428 1.542626 -1.419222
v 2.976559 1.541805 -1.422821
v 2.973327 1.540879 -1.420214
v 2.979909 1.542895 -1.420425
v 2.978743 1.542638 -1.416339
v 2.974670 1.541394 -1.416211
vn -0.0221 0.1033 -0.9944
vn -0.9526 -0.0098 -0.3040
vn 0.9381 0.0616 -0.3410
vn 0.6279 -0.0728 0.7749
vn -0.5591 -0.1312 0.8187
vn -0.0276 0.1192 -0.9925
vn -0.9618 0.0329 -0.2719
vn 0.9408 0.0795 -0.3294
vn 0.6066 -0.0274 0.7946
vn -0.5648 -0.0604 0.8230
vn -0.0326 0.1290 -0.9911
vn -0.9575 0.0837 -0.2760
vn 0.9409 0.0878 -0.3272
vn 0.6075 0.0146 0.7942
vn -0.5687 0.0107 0.8225
vn 0.0350 0.0292 -0.9990
vn -0.9566 -0.0983 -0.2742
vn 0.9380 0.1868 -0.2921
vn 0.6102 0.1442 0.7790
vn -0.5127 -0.0368 0.8578
vn 0.0098 -0.0435 -0.9990
vn -0.8896 -0.3537 -0.2889
vn 0.8727 0.3563 -0.3338
vn 0.5507 0.3174 0.7720
vn -0.5395 -0.1154 0.8340
vn -0.2932 0.9557 -0.0242
vn -0.2136 0.4661 -0.8586
vn -0.9422 0.2153 -0.2567
vn 0.5344 0.7870 -0.3084
vn 0.2641 0.7267 0.6342
vn -0.6501 0.3702 0.6635
vn 0.9381 0.0616 -0.3409
vn 0.9408 0.0795 -0.3295
vn -0.5648 -0.0603 0.8230
vn -0.0223 0.1034 -0.9944
vn -0.9526 -0.0099 -0.3039
vn 0.9380 0.0617 -0.3410
vn 0.6279 -0.0726 0.7749
vn -0.9618 0.0328 -0.2719
vn 0.9408 0.0796 -0.3295
vn 0.6066 -0.0273 0.7946
vn -0.5649 -0.0603 0.8230
vn 0.9409 0.0877 -0.3272
vn 0.6074 0.0146 0.7942
vn -0.5687 0.0108 0.8224
vn 0.0349 0.0292 -0.9990
vn -0.5128 -0.0369 0.8577
vn -0.5396 -0.1154 0.8340
vn -0.9422 0.2153 -0.2566
vn -0.6502 0.3702 0.6635
vn -0.0222 0.1034 -0.9944
vn 0.9381 0.0615 -0.3410
vn 0.6278 -0.0729 0.7749
vn 0.6066 -0.0275 0.7946
vn -0.5649 -0.0604 0.8230
vn 0.0350 0.0293 -0.9990
vn 0.9380 0.1868 -0.2920
vn 0.6101 0.1442 0.7791
vn -0.2135 0.4661 -0.8586
vn 0.5344 0.7870 -0.3085
vn 0.2640 0.7267 0.6342
vn -0.6502 0.3701 0.6635
vn -0.0221 0.1032 -0.9944
vn -0.9526 -0.0101 -0.3041
vn 0.9381 0.0617 -0.3408
vn 0.6278 -0.0729 0.7750
vn -0.5592 -0.1318 0.8185
vn -0.0275 0.1192 -0.9925
vn -0.9618 0.0327 -0.2719
vn -0.5647 -0.0607 0.8230
vn -0.0325 0.1290 -0.9911
vn -0.9575 0.0837 -0.2761
vn 0.9408 0.0877 -0.3273
vn 0.6076 0.0146 0.7941
vn -0.5686 0.0108 0.8225
vn -0.5126 -0.0368 0.8578
vn 0.0098 -0.0436 -0.9990
vn -0.8897 -0.3537 -0.2888
vn 0.8727 0.3564 -0.3338
vn 0.5507 0.3173 0.7720
vn -0.5395 -0.1153 0.8341
vn -0.2933 0.9557 -0.0242
vn -0.2137 0.4660 -0.8586
vn -0.9423 0.2153 -0.2565
vn -0.6501 0.3701 0.6636
vn -0.9525 -0.0099 -0.3042
vn 0.9381 0.0612 -0.3408
vn 0.6277 -0.0732 0.7750
vn -0.5593 -0.1314 0.8185
vn 0.9408 0.0793 -0.3295
vn 0.6065 -0.0276 0.7946
vn 0.9408 0.0878 -0.3273
vn 0.0097 -0.0435 -0.9990
vn -0.8896 -0.3537 -0.2888
vn 0.8727 0.3564 -0.3339
vn -0.2137 0.4661 -0.8586
vn -0.9422 0.2153 -0.2565
vn 0.5343 0.7870 -0.3085
vn -0.9526 -0.0099 -0.3041
vn -0.5592 -0.1314 0.8185
vn -0.9617 0.0328 -0.2720
vn 0.6066 -0.0274 0.7945
vn -0.9575 0.0836 -0.2760
vn -0.5686 0.0107 0.8225
vn 0.0348 0.0292 -0.9990
vn -0.9567 -0.0984 -0.2741
vn 0.6103 0.1442 0.7789
vn -0.5126 -0.0369 0.8578
vn 0.5508 0.3173 0.7720
vn -0.5394 -0.1154 0.8341
vn 0.5343 0.7870 -0.3084
vn -0.6501 0.3701 0.6637
vn -0.9526 -0.0100 -0.3040
vn -0.5591 -0.1314 0.8186
vn -0.9618 0.0328 -0.2720
vn -0.5687 0.0107 0.8224
vn -0.9566 -0.0984 -0.2742
vn 0.9380 0.1867 -0.2921
vn -0.5128 -0.0368 0.8577
vn 0.8727 0.3563 -0.3339
vn -0.9422 0.2154 -0.2567
vn -0.0222 0.1033 -0.9944
vn 0.9381 0.0615 -0.3409
vn 0.6278 -0.0728 0.7749
vn 0.9381 0.0614 -0.3410
vn 0.6279 -0.0729 0.7749
vn 0.9408 0.0794 -0.3295
vn -0.0222 0.1035 -0.9944
vn -0.9526 -0.0099 -0.3040
vn 0.9380 0.0618 -0.3410
vn -0.5591 -0.1311 0.8187
vn -0.0275 0.1193 -0.9925
vn 0.9408 0.0796 -0.3294
vn -0.0325 0.1289 -0.9911
vn -0.5687 0.0108 0.8225
vn -0.8896 -0.3538 -0.2889
vn -0.0221 0.1031 -0.9944
vn -0.9526 -0.0097 -0.3040
vn 0.9381 0.0613 -0.3409
vn -0.0276 0.1191 -0.9925
vn -0.9575 0.0836 -0.2761
vn 0.0099 -0.0435 -0.9990
vn 0.5508 0.3174 0.7720
vn -0.2932 0.9557 -0.0243
vn -0.0224 0.1031 -0.9944
vn 0.9381 0.0612 -0.3409
vn 0.6279 -0.0732 0.7748
vn -0.5592 -0.1317 0.8185
vn -0.0275 0.1191 -0.9925
vn -0.9618 0.0329 -0.2718
vn 0.6066 -0.0276 0.7945
vn -0.5647 -0.0606 0.8231
vn 0.9409 0.0878 -0.3273
vn -0.5686 0.0107 0.8226
vn -0.5396 -0.1153 0.8340
vn -0.2932 0.9558 -0.0242
vn -0.2135 0.4660 -0.8586
vn 0.2639 0.7267 0.6342
vn -0.0223 0.1040 -0.9943
vn -0.9526 -0.0097 -0.3041
vn 0.9381 0.0621 -0.3408
vn -0.5591 -0.1317 0.8186
vn -0.0275 0.1195 -0.9924
vn 0.9408 0.0797 -0.3294
vn 0.6066 -0.0277 0.7945
vn -0.0326 0.1289 -0.9911
vn -0.9575 0.0837 -0.2759
vn 0.0349 0.0293 -0.9990
vn -0.9567 -0.0983 -0.2741
vn 0.6102 0.1443 0.7790
vn 0.0098 -0.0434 -0.9990
vn -0.2932 0.9558 -0.0241
vn -0.9422 0.2155 -0.2566
vn 0.5344 0.7869 -0.3086
vn 0.2640 0.7268 0.6341
vn -0.0224 0.1029 -0.9944
vn 0.6278 -0.0731 0.7749
vn -0.0275 0.1190 -0.9925
vn 0.6074 0.0145 0.7942
vn 0.8726 0.3564 -0.3339
vn -0.9422 0.2154 -0.2566
vn 0.5343 0.7870 -0.3086
vn 0.2641 0.7267 0.6341
vn -0.6501 0.3702 0.6636
vn -0.9526 -0.0102 -0.3041
vn 0.9381 0.0617 -0.3409
vn 0.6278 -0.0728 0.7750
vn -0.5590 -0.1314 0.8187
vn 0.6065 -0.0274 0.7946
vn 0.6074 0.0146 0.7943
vn -0.5688 0.0108 0.8224
vn -0.5127 -0.0369 0.8578
vn -0.0223 0.1032 -0.9944
vn -0.9526 -0.0102 -0.3040
vn 0.9380 0.0615 -0.3411
vn -0.5591 -0.1315 0.8186
vn -0.9618 0.0327 -0.2720
vn -0.5649 -0.0605 0.8230
vn -0.2136 0.4660 -0.8586
vn -0.5590 -0.1315 0.8187
vn -0.9617 0.0327 -0.2720
vn -0.5648 -0.0605 0.8230
vn -0.9566 -0.0983 -0.2743
vn 0.2640 0.7266 0.6342
vn -0.0222 0.1032 -0.9944
vn 0.6279 -0.0723 0.7749
vn 0.6066 -0.0272 0.7945
vn 0.6075 0.0145 0.7942
vn -0.5127 -0.0369 0.8577
vn 0.5344 0.7869 -0.3085
vn -0.6501 0.3703 0.6635
vn -0.0220 0.1033 -0.9944
vn -0.9526 -0.0096 -0.3040
vn 0.9381 0.0614 -0.3409
vn 0.6279 -0.0731 0.7748
vn -0.0277 0.1192 -0.9925
vn -0.9617 0.0330 -0.2720
vn -0.5687 0.0106 0.8225
vn 0.0351 0.0293 -0.9990
vn 0.6102 0.1442 0.7791
vn -0.2931 0.9558 -0.0243
vn -0.2136 0.4661 -0.8585
vn 0.9381 0.0615 -0.3408
vn 0.6065 -0.0275 0.7946
vn -0.5647 -0.0605 0.8231
vn -0.9567 -0.0983 -0.2742
vn -0.0217 0.1025 -0.9945
vn -0.9526 -0.0100 -0.3042
vn -0.5593 -0.1317 0.8184
vn -0.0277 0.1188 -0.9925
vn 0.9408 0.0793 -0.3294
vn -0.5648 -0.0606 0.8230
vn 0.6074 0.0145 0.7943
vn 0.0096 -0.0436 -0.9990
vn -0.8897 -0.3537 -0.2887
vn 0.5506 0.3173 0.7721
vn -0.2933 0.9557 -0.0244
vn -0.2138 0.4661 -0.8585
vn 0.5345 0.7869 -0.3085
vn 0.2638 0.7267 0.6343
vn -0.6504 0.3700 0.6634
vn -0.0224 0.1032 -0.9944
vn -0.5647 -0.0605 0.8230
vn -0.5395 -0.1153 0.8340
vn -0.6500 0.3701 0.6637
vn -0.9526 -0.0096 -0.3041
vn 0.6278 -0.0726 0.7749
vn -0.5591 -0.1308 0.8187
vn -0.9618 0.0330 -0.2719
vn 0.6065 -0.0273 0.7946
vn -0.5649 -0.0602 0.8230
vn 0.2641 0.7266 0.6342
vn 0.9380 0.0616 -0.3410
vn 0.6279 -0.0727 0.7749
vn -0.0222 0.1029 -0.9944
vn -0.9526 -0.0102 -0.3039
vn 0.6279 -0.0722 0.7749
vn -0.5590 -0.1312 0.8187
vn 0.6066 -0.0271 0.7945
vn 0.6102 0.1441 0.7790
vn -0.0221 0.1030 -0.9944
vn -0.0276 0.1190 -0.9925
vn -0.8896 -0.3537 -0.2890
vn -0.0224 0.1028 -0.9944
vn 0.9381 0.0606 -0.3409
vn 0.6279 -0.0732 0.7749
vn -0.5592 -0.1314 0.8186
vn 0.9408 0.0790 -0.3295
vn -0.6500 0.3702 0.6636
vn -0.0224 0.1040 -0.9943
vn -0.9526 -0.0091 -0.3040
vn -0.5592 -0.1308 0.8186
vn -0.0275 0.1196 -0.9924
vn -0.9618 0.0332 -0.2718
vn 0.9408 0.0798 -0.3294
vn 0.6066 -0.0276 0.7946
vn -0.5647 -0.0602 0.8231
vn 0.6101 0.1443 0.7791
vn -0.6500 0.3702 0.6637
vn -0.5647 -0.0606 0.8230
vn 0.0097 -0.0434 -0.9990
vn 0.6278 -0.0726 0.7750
vn -0.5395 -0.1154 0.8341
vt 0.451705 0.467461
vt 0.457387 0.467461
vt 0.815341 0.467461
vt 0.821023 0.467461
vt 0.269887 0.467461
vt 0.275569 0.467461
vt 0.633523 0.467461
vt 0.639205 0.467461
vt 0.088069 0.467461
vt 0.093751 0.467461
vt 0.454546 0.472382
vt 0.636364 0.472382
vt 0.818182 0.472382
vt 0.090910 0.472382
vt 0.272728 0.472382
s 1
usemtl suppots
f 2/1/2 5/2/5 10/2/10 7/1/7
f 4/3/4 3/4/3 8/4/8 9/3/9
f 1/5/1 2/6/2 7/6/7 6/5/6
f 5/7/5 4/8/4 9/8/9 10/7/10
f 3/9/3 1/10/1 6/10/6 8/9/8
f 8/9/8 6/10/6 11/10/11 13/9/13
f 7/1/7 10/2/10 15/2/15 12/1/12
f 9/3/9 8/4/8 13/4/13 14/3/14
f 6/5/6 7/6/7 12/6/12 11/5/11
f 10/7/10 9/8/9 14/8/14 15/7/15
f 11/5/11 12/6/12 17/6/17 16/5/16
f 15/7/15 14/8/14 19/8/19 20/7/20
f 13/9/13 11/10/11 16/10/16 18/9/18
f 12/1/12 15/2/15 20/2/20 17/1/17
f 14/3/14 13/4/13 18/4/18 19/3/19
f 17/1/17 20/2/20 25/2/25 22/1/22
f 19/3/19 18/4/18 23/4/23 24/3/24
f 16/5/16 17/6/17 22/6/22 21/5/21
f 20/7/20 19/8/19 24/8/24 25/7/25
f 18/9/18 16/10/16 21/10/21 23/9/23
f 25/7/25 24/8/24 30/8/30 31/7/31
f 23/9/23 21/10/21 27/10/27 29/9/29
f 22/1/22 25/2/25 31/2/31 28/1/28
f 24/3/24 23/4/23 29/4/29 30/3/30
f 21/5/21 22/6/22 28/6/28 27/5/27
f 28/1/28 31/2/31 26/11/26
f 31/7/31 30/8/30 26/12/26
f 30/3/30 29/4/29 26/13/26
f 29/9/29 27/10/27 26/14/26
f 27/5/27 28/6/28 26/15/26
f 33/1/2 36/2/5 41/2/34 38/1/7
f 35/3/4 34/4/32 39/4/33 40/3/9
f 32/5/1 33/6/2 38/6/7 37/5/6
f 36/7/5 35/8/4 40/8/9 41/7/34
f 34/9/32 32/10/1 37/10/6 39/9/33
f 39/9/33 37/10/6 42/10/11 44/9/13
f 38/1/7 41/2/34 46/2/15 43/1/12
f 40/3/9 39/4/33 44/4/13 45/3/14
f 37/5/6 38/6/7 43/6/12 42/5/11
f 41/7/34 40/8/9 45/8/14 46/7/15
f 42/5/11 43/6/12 48/6/17 47/5/16
f 46/7/15 45/8/14 50/8/19 51/7/20
f 44/9/13 42/10/11 47/10/16 49/9/18
f 43/1/12 46/2/15 51/2/20 48/1/17
f 45/3/14 44/4/13 49/4/18 50/3/19
f 48/1/17 51/2/20 56/2/25 53/1/22
f 50/3/19 49/4/18 54/4/23 55/3/24
f 47/5/16 48/6/17 53/6/22 52/5/21
f 51/7/20 50/8/19 55/8/24 56/7/25
f 49/9/18 47/10/16 52/10/21 54/9/23
f 56/7/25 55/8/24 61/8/30 62/7/31
f 54/9/23 52/10/21 58/10/27 60/9/29
f 53/1/22 56/2/25 62/2/31 59/1/28
f 55/3/24 54/4/23 60/4/29 61/3/30
f 52/5/21 53/6/22 59/6/28 58/5/27
f 59/1/28 62/2/31 57/11/26
f 62/7/31 61/8/30 57/12/26
f 61/3/30 60/4/29 57/13/26
f 60/9/29 58/10/27 57/14/26
f 58/5/27 59/6/28 57/15/26
f 64/1/36 67/2/5 72/2/42 69/1/39
f 66/3/38 65/4/37 70/4/40 71/3/41
f 63/5/35 64/6/36 69/6/39 68/5/6
f 67/7/5 66/8/38 71/8/41 72/7/42
f 65/9/37 63/10/35 68/10/6 70/9/40
f 70/9/40 68/10/6 73/10/11 75/9/43
f 69/1/39 72/2/42 77/2/45 74/1/12
f 71/3/41 70/4/40 75/4/43 76/3/44
f 68/5/6 69/6/39 74/6/12 73/5/11
f 72/7/42 71/8/41 76/8/44 77/7/45
f 73/5/11 74/6/12 79/6/17 78/5/46
f 77/7/45 76/8/44 81/8/19 82/7/47
f 75/9/43 73/10/11 78/10/46 80/9/18
f 74/1/12 77/2/45 82/2/47 79/1/17
f 76/3/44 75/4/43 80/4/18 81/3/19
f 79/1/17 82/2/47 87/2/48 84/1/22
f 81/3/19 80/4/18 85/4/23 86/3/24
f 78/5/46 79/6/17 84/6/22 83/5/21
f 82/7/47 81/8/19 86/8/24 87/7/48
f 80/9/18 78/10/46 83/10/21 85/9/23
f 87/7/48 86/8/24 92/8/30 93/7/50
f 85/9/23 83/10/21 89/10/27 91/9/29
f 84/1/22 87/2/48 93/2/50 90/1/49
f 86/3/24 85/4/23 91/4/29 92/3/30
f 83/5/21 84/6/22 90/6/49 89/5/27
f 90/1/49 93/2/50 88/11/26
f 93/7/50 92/8/30 88/12/26
f 92/3/30 91/4/29 88/13/26
f 91/9/29 89/10/27 88/14/26
f 89/5/27 90/6/49 88/15/26
f 95/1/2 98/2/5 103/2/55 100/1/7
f 97/3/53 96/4/52 101/4/8 102/3/54
f 94/5/51 95/6/2 100/6/7 99/5/6
f 98/7/5 97/8/53 102/8/54 103/7/55
f 96/9/52 94/10/51 99/10/6 101/9/8
f 101/9/8 99/10/6 104/10/11 106/9/13
f 100/1/7 103/2/55 108/2/15 105/1/12
f 102/3/54 101/4/8 106/4/13 107/3/44
f 99/5/6 100/6/7 105/6/12 104/5/11
f 103/7/55 102/8/54 107/8/44 108/7/15
f 104/5/11 105/6/12 110/6/17 109/5/56
f 108/7/15 107/8/44 112/8/58 113/7/20
f 106/9/13 104/10/11 109/10/56 111/9/57
f 105/1/12 108/2/15 113/2/20 110/1/17
f 107/3/44 106/4/13 111/4/57 112/3/58
f 110/1/17 113/2/20 118/2/48 115/1/22
f 112/3/58 111/4/57 116/4/23 117/3/24
f 109/5/56 110/6/17 115/6/22 114/5/21
f 113/7/20 112/8/58 117/8/24 118/7/48
f 111/9/57 109/10/56 114/10/21 116/9/23
f 118/7/48 117/8/24 123/8/61 124/7/62
f 116/9/23 114/10/21 120/10/59 122/9/60
f 115/1/22 118/2/48 124/2/62 121/1/28
f 117/3/24 116/4/23 122/4/60 123/3/61
f 114/5/21 115/6/22 121/6/28 120/5/59
f 121/1/28 124/2/62 119/11/26
f 124/7/62 123/8/61 119/12/26
f 123/3/61 122/4/60 119/13/26
f 122/9/60 120/10/59 119/14/26
f 120/5/59 121/6/28 119/15/26
f 126/1/64 129/2/67 134/2/70 131/1/69
f 128/3/66 127/4/65 132/4/33 133/3/54
f 125/5/63 126/6/64 131/6/69 130/5/68
f 129/7/67 128/8/66 133/8/54 134/7/70
f 127/9/65 125/10/63 130/10/68 132/9/33
f 132/9/33 130/10/68 135/10/71 137/9/73
f 131/1/69 134/2/70 139/2/75 136/1/72
f 133/3/54 132/4/33 137/4/73 138/3/74
f 130/5/68 131/6/69 136/6/72 135/5/71
f 134/7/70 133/8/54 138/8/74 139/7/75
f 135/5/71 136/6/72 141/6/17 140/5/46
f 139/7/75 138/8/74 143/8/19 144/7/76
f 137/9/73 135/10/71 140/10/46 142/9/57
f 136/1/72 139/2/75 144/2/76 141/1/17
f 138/3/74 137/4/73 142/4/57 143/3/19
f 141/1/17 144/2/76 149/2/81 146/1/78
f 143/3/19 142/4/57 147/4/79 148/3/80
f 140/5/46 141/6/17 146/6/78 145/5/77
f 144/7/76 143/8/19 148/8/80 149/7/81
f 142/9/57 140/10/46 145/10/77 147/9/79
f 149/7/81 148/8/80 154/8/61 155/7/85
f 147/9/79 145/10/77 151/10/83 153/9/60
f 146/1/78 149/2/81 155/2/85 152/1/84
f 148/3/80 147/4/79 153/4/60 154/3/61
f 145/5/77 146/6/78 152/6/84 151/5/83
f 152/1/84 155/2/85 150/11/82
f 155/7/85 154/8/61 150/12/82
f 154/3/61 153/4/60 150/13/82
f 153/9/60 151/10/83 150/14/82
f 151/5/83 152/6/84 150/15/82
f 157/1/86 160/2/89 165/2/10 162/1/39
f 159/3/88 158/4/87 163/4/90 164/3/91
f 156/5/63 157/6/86 162/6/39 161/5/6
f 160/7/89 159/8/88 164/8/91 165/7/10
f 158/9/87 156/10/63 161/10/6 163/9/90
f 163/9/90 161/10/6 166/10/71 168/9/92
f 162/1/39 165/2/10 170/2/75 167/1/12
f 164/3/91 163/4/90 168/4/92 169/3/74
f 161/5/6 162/6/39 167/6/12 166/5/71
f 165/7/10 164/8/91 169/8/74 170/7/75
f 166/5/71 167/6/12 172/6/17 171/5/56
f 170/7/75 169/8/74 174/8/19 175/7/20
f 168/9/92 166/10/71 171/10/56 173/9/18
f 167/1/12 170/2/75 175/2/20 172/1/17
f 169/3/74 168/4/92 173/4/18 174/3/19
f 172/1/17 175/2/20 180/2/48 177/1/94
f 174/3/19 173/4/18 178/4/95 179/3/80
f 171/5/56 172/6/17 177/6/94 176/5/93
f 175/7/20 174/8/19 179/8/80 180/7/48
f 173/9/18 171/10/56 176/10/93 178/9/95
f 180/7/48 179/8/80 185/8/61 186/7/85
f 178/9/95 176/10/93 182/10/96 184/9/98
f 177/1/94 180/2/48 186/2/85 183/1/97
f 179/3/80 178/4/95 184/4/98 185/3/61
f 176/5/93 177/6/94 183/6/97 182/5/96
f 183/1/97 186/2/85 181/11/26
f 186/7/85 185/8/61 181/12/26
f 185/3/61 184/4/98 181/13/26
f 184/9/98 182/10/96 181/14/26
f 182/5/96 183/6/97 181/15/26
f 188/1/99 191/2/100 196/2/10 193/1/101
f 190/3/4 189/4/32 194/4/40 195/3/102
f 187/5/63 188/6/99 193/6/101 192/5/68
f 191/7/100 190/8/4 195/8/102 196/7/10
f 189/9/32 187/10/63 192/10/68 194/9/40
f 194/9/40 192/10/68 197/10/11 199/9/92
f 193/1/101 196/2/10 201/2/104 198/1/103
f 195/3/102 194/4/40 199/4/92 200/3/74
f 192/5/68 193/6/101 198/6/103 197/5/11
f 196/7/10 195/8/102 200/8/74 201/7/104
f 197/5/11 198/6/103 203/6/106 202/5/105
f 201/7/104 200/8/74 205/8/107 206/7/108
f 199/9/92 197/10/11 202/10/105 204/9/18
f 198/1/103 201/2/104 206/2/108 203/1/106
f 200/3/74 199/4/92 204/4/18 205/3/107
f 203/1/106 206/2/108 211/2/110 208/1/94
f 205/3/107 204/4/18 209/4/79 210/3/109
f 202/5/105 203/6/106 208/6/94 207/5/93
f 206/7/108 205/8/107 210/8/109 211/7/110
f 204/9/18 202/10/105 207/10/93 209/9/79
f 211/7/110 210/8/109 216/8/30 217/7/112
f 209/9/79 207/10/93 213/10/59 215/9/111
f 208/1/94 211/2/110 217/2/112 214/1/49
f 210/3/109 209/4/79 215/4/111 216/3/30
f 207/5/93 208/6/94 214/6/49 213/5/59
f 214/1/49 217/2/112 212/11/82
f 217/7/112 216/8/30 212/12/82
f 216/3/30 215/4/111 212/13/82
f 215/9/111 213/10/59 212/14/82
f 213/5/59 214/6/49 212/15/82
f 219/1/113 222/2/114 227/2/55 224/1/115
f 221/3/4 220/4/37 225/4/8 226/3/9
f 218/5/35 219/6/113 224/6/115 223/5/68
f 222/7/114 221/8/4 226/8/9 227/7/55
f 220/9/37 218/10/35 223/10/68 225/9/8
f 225/9/8 223/10/68 228/10/11 230/9/43
f 224/1/115 227/2/55 232/2/116 229/1/12
f 226/3/9 225/4/8 230/4/43 231/3/44
f 223/5/68 224/6/115 229/6/12 228/5/11
f 227/7/55 226/8/9 231/8/44 232/7/116
f 228/5/11 229/6/12 234/6/117 233/5/46
f 232/7/116 231/8/44 236/8/19 237/7/119
f 230/9/43 228/10/11 233/10/46 235/9/118
f 229/1/12 232/2/116 237/2/119 234/1/117
f 231/3/44 230/4/43 235/4/118 236/3/19
f 234/1/117 237/2/119 242/2/25 239/1/94
f 236/3/19 235/4/118 240/4/120 241/3/24
f 233/5/46 234/6/117 239/6/94 238/5/21
f 237/7/119 236/8/19 241/8/24 242/7/25
f 235/9/118 233/10/46 238/10/21 240/9/120
f 242/7/25 241/8/24 247/8/61 248/7/31
f 240/9/120 238/10/21 244/10/27 246/9/60
f 239/1/94 242/2/25 248/2/31 245/1/121
f 241/3/24 240/4/120 246/4/60 247/3/61
f 238/5/21 239/6/94 245/6/121 244/5/27
f 245/1/121 248/2/31 243/11/26
f 248/7/31 247/8/61 243/12/26
f 247/3/61 246/4/60 243/13/26
f 246/9/60 244/10/27 243/14/26
f 244/5/27 245/6/121 243/15/26
f 250/1/2 253/2/5 258/2/34 255/1/39
f 252/3/124 251/4/123 256/4/33 257/3/102
f 249/5/122 250/6/2 255/6/39 254/5/6
f 253/7/5 252/8/124 257/8/102 258/7/34
f 251/9/123 249/10/122 254/10/6 256/9/33
f 256/9/33 254/10/6 259/10/11 261/9/13
f 255/1/39 258/2/34 263/2/15 260/1/12
f 257/3/102 256/4/33 261/4/13 262/3/14
f 254/5/6 255/6/39 260/6/12 259/5/11
f 258/7/34 257/8/102 262/8/14 263/7/15
f 259/5/11 260/6/12 265/6/17 264/5/56
f 263/7/15 262/8/14 267/8/19 268/7/20
f 261/9/13 259/10/11 264/10/56 266/9/18
f 260/1/12 263/2/15 268/2/20 265/1/17
f 262/3/14 261/4/13 266/4/18 267/3/19
f 265/1/17 268/2/20 273/2/25 270/1/22
f 267/3/19 266/4/18 271/4/23 272/3/24
f 264/5/56 265/6/17 270/6/22 269/5/21
f 268/7/20 267/8/19 272/8/24 273/7/25
f 266/9/18 264/10/56 269/10/21 271/9/23
f 273/7/25 272/8/24 278/8/61 279/7/62
f 271/9/23 269/10/21 275/10/27 277/9/60
f 270/1/22 273/2/25 279/2/62 276/1/28
f 272/3/24 271/4/23 277/4/60 278/3/61
f 269/5/21 270/6/22 276/6/28 275/5/27
f 276/1/28 279/2/62 274/11/26
f 279/7/62 278/8/61 274/12/26
f 278/3/61 277/4/60 274/13/26
f 277/9/60 275/10/27 274/14/26
f 275/5/27 276/6/28 274/15/26
f 281/1/2 284/2/5 289/2/10 286/1/39
f 283/3/126 282/4/125 287/4/127 288/3/9
f 280/5/122 281/6/2 286/6/39 285/5/6
f 284/7/5 283/8/126 288/8/9 289/7/10
f 282/9/125 280/10/122 285/10/6 287/9/127
f 287/9/127 285/10/6 290/10/11 292/9/13
f 286/1/39 289/2/10 294/2/15 291/1/12
f 288/3/9 287/4/127 292/4/13 293/3/14
f 285/5/6 286/6/39 291/6/12 290/5/11
f 289/7/10 288/8/9 293/8/14 294/7/15
f 290/5/11 291/6/12 296/6/117 295/5/16
f 294/7/15 293/8/14 298/8/19 299/7/20
f 292/9/13 290/10/11 295/10/16 297/9/18
f 291/1/12 294/2/15 299/2/20 296/1/117
f 293/3/14 292/4/13 297/4/18 298/3/19
f 296/1/117 299/2/20 304/2/25 301/1/22
f 298/3/19 297/4/18 302/4/23 303/3/24
f 295/5/16 296/6/117 301/6/22 300/5/21
f 299/7/20 298/8/19 303/8/24 304/7/25
f 297/9/18 295/10/16 300/10/21 302/9/23
f 304/7/25 303/8/24 309/8/30 310/7/31
f 302/9/23 300/10/21 306/10/27 308/9/60
f 301/1/22 304/2/25 310/2/31 307/1/28
f 303/3/24 302/4/23 308/4/60 309/3/30
f 300/5/21 301/6/22 307/6/28 306/5/27
f 307/1/28 310/2/31 305/11/26
f 310/7/31 309/8/30 305/12/26
f 309/3/30 308/4/60 305/13/26
f 308/9/60 306/10/27 305/14/26
f 306/5/27 307/6/28 305/15/26
f 312/1/129 315/2/131 320/2/42 317/1/101
f 314/3/38 313/4/130 318/4/133 319/3/41
f 311/5/128 312/6/129 317/6/101 316/5/132
f 315/7/131 314/8/38 319/8/41 320/7/42
f 313/9/130 311/10/128 316/10/132 318/9/133
f 318/9/133 316/10/132 321/10/134 323/9/73
f 317/1/101 320/2/42 325/2/135 322/1/72
f 319/3/41 318/4/133 323/4/73 324/3/14
f 316/5/132 317/6/101 322/6/72 321/5/134
f 320/7/42 319/8/41 324/8/14 325/7/135
f 321/5/134 322/6/72 327/6/117 326/5/16
f 325/7/135 324/8/14 329/8/19 330/7/20
f 323/9/73 321/10/134 326/10/16 328/9/18
f 322/1/72 325/2/135 330/2/20 327/1/117
f 324/3/14 323/4/73 328/4/18 329/3/19
f 327/1/117 330/2/20 335/2/25 332/1/136
f 329/3/19 328/4/18 333/4/23 334/3/109
f 326/5/16 327/6/117 332/6/136 331/5/21
f 330/7/20 329/8/19 334/8/109 335/7/25
f 328/9/18 326/10/16 331/10/21 333/9/23
f 335/7/25 334/8/109 340/8/30 341/7/50
f 333/9/23 331/10/21 337/10/27 339/9/111
f 332/1/136 335/2/25 341/2/50 338/1/49
f 334/3/109 333/4/23 339/4/111 340/3/30
f 331/5/21 332/6/136 338/6/49 337/5/27
f 338/1/49 341/2/50 336/11/26
f 341/7/50 340/8/30 336/12/26
f 340/3/30 339/4/111 336/13/26
f 339/9/111 337/10/27 336/14/26
f 337/5/27 338/6/49 336/15/26
f 343/1/138 346/2/131 351/2/42 348/1/7
f 345/3/126 344/4/139 349/4/127 350/3/54
f 342/5/137 343/6/138 348/6/7 347/5/140
f 346/7/131 345/8/126 350/8/54 351/7/42
f 344/9/139 342/10/137 347/10/140 349/9/127
f 349/9/127 347/10/140 352/10/11 354/9/13
f 348/1/7 351/2/42 356/2/15 353/1/141
f 350/3/54 349/4/127 354/4/13 355/3/44
f 347/5/140 348/6/7 353/6/141 352/5/11
f 351/7/42 350/8/54 355/8/44 356/7/15
f 352/5/11 353/6/141 358/6/117 357/5/16
f 356/7/15 355/8/44 360/8/19 361/7/20
f 354/9/13 352/10/11 357/10/16 359/9/18
f 353/1/141 356/2/15 361/2/20 358/1/117
f 355/3/44 354/4/13 359/4/18 360/3/19
f 358/1/117 361/2/20 366/2/48 363/1/22
f 360/3/19 359/4/18 364/4/23 365/3/143
f 357/5/16 358/6/117 363/6/22 362/5/142
f 361/7/20 360/8/19 365/8/143 366/7/48
f 359/9/18 357/10/16 362/10/142 364/9/23
f 366/7/48 365/8/143 371/8/30 372/7/31
f 364/9/23 362/10/142 368/10/27 370/9/60
f 363/1/22 366/2/48 372/2/31 369/1/28
f 365/3/143 364/4/23 370/4/60 371/3/30
f 362/5/142 363/6/22 369/6/28 368/5/27
f 369/1/28 372/2/31 367/11/144
f 372/7/31 371/8/30 367/12/144
f 371/3/30 370/4/60 367/13/144
f 370/9/60 368/10/27 367/14/144
f 368/5/27 369/6/28 367/15/144
f 374/1/138 377/2/148 382/2/152 379/1/150
f 376/3/147 375/4/146 380/4/90 381/3/151
f 373/5/145 374/6/138 379/6/150 378/5/149
f 377/7/148 376/8/147 381/8/151 382/7/152
f 375/9/146 373/10/145 378/10/149 380/9/90
f 380/9/90 378/10/149 383/10/11 385/9/153
f 379/1/150 382/2/152 387/2/154 384/1/103
f 381/3/151 380/4/90 385/4/153 386/3/74
f 378/5/149 379/6/150 384/6/103 383/5/11
f 382/7/152 381/8/151 386/8/74 387/7/154
f 383/5/11 384/6/103 389/6/106 388/5/46
f 387/7/154 386/8/74 391/8/19 392/7/20
f 385/9/153 383/10/11 388/10/46 390/9/18
f 384/1/103 387/2/154 392/2/20 389/1/106
f 386/3/74 385/4/153 390/4/18 391/3/19
f 389/1/106 392/2/20 397/2/155 394/1/22
f 391/3/19 390/4/18 395/4/120 396/3/24
f 388/5/46 389/6/106 394/6/22 393/5/142
f 392/7/20 391/8/19 396/8/24 397/7/155
f 390/9/18 388/10/46 393/10/142 395/9/120
f 397/7/155 396/8/24 402/8/158 403/7/85
f 395/9/120 393/10/142 399/10/157 401/9/98
f 394/1/22 397/2/155 403/2/85 400/1/121
f 396/3/24 395/4/120 401/4/98 402/3/158
f 393/5/142 394/6/22 400/6/121 399/5/157
f 400/1/121 403/2/85 398/11/156
f 403/7/85 402/8/158 398/12/156
f 402/3/158 401/4/98 398/13/156
f 401/9/98 399/10/157 398/14/156
f 399/5/157 400/6/121 398/15/156
f 405/1/160 408/2/162 413/2/152 410/1/150
f 407/3/147 406/4/161 411/4/164 412/3/165
f 404/5/159 405/6/160 410/6/150 409/5/163
f 408/7/162 407/8/147 412/8/165 413/7/152
f 406/9/161 404/10/159 409/10/163 411/9/164
f 411/9/164 409/10/163 414/10/166 416/9/43
f 410/1/150 413/2/152 418/2/75 415/1/167
f 412/3/165 411/4/164 416/4/43 417/3/74
f 409/5/163 410/6/150 415/6/167 414/5/166
f 413/7/152 412/8/165 417/8/74 418/7/75
f 414/5/166 415/6/167 420/6/169 419/5/168
f 418/7/75 417/8/74 422/8/170 423/7/20
f 416/9/43 414/10/166 419/10/168 421/9/18
f 415/1/167 418/2/75 423/2/20 420/1/169
f 417/3/74 416/4/43 421/4/18 422/3/170
f 420/1/169 423/2/20 428/2/155 425/1/22
f 422/3/170 421/4/18 426/4/95 427/3/24
f 419/5/168 420/6/169 425/6/22 424/5/171
f 423/7/20 422/8/170 427/8/24 428/7/155
f 421/9/18 419/10/168 424/10/171 426/9/95
f 428/7/155 427/8/24 433/8/175 434/7/85
f 426/9/95 424/10/171 430/10/59 432/9/174
f 425/1/22 428/2/155 434/2/85 431/1/173
f 427/3/24 426/4/95 432/4/174 433/3/175
f 424/5/171 425/6/22 431/6/173 430/5/59
f 431/1/173 434/2/85 429/11/172
f 434/7/85 433/8/175 429/12/172
f 433/3/175 432/4/174 429/13/172
f 432/9/174 430/10/59 429/14/172
f 430/5/59 431/6/173 429/15/172
f 436/1/64 439/2/67 444/2/70 441/1/69
f 438/3/177 437/4/146 442/4/90 443/3/91
f 435/5/176 436/6/64 441/6/69 440/5/178
f 439/7/67 438/8/177 443/8/91 444/7/70
f 437/9/146 435/10/176 440/10/178 442/9/90
f 442/9/90 440/10/178 445/10/71 447/9/13
f 441/1/69 444/2/70 449/2/15 446/1/103
f 443/3/91 442/4/90 447/4/13 448/3/179
f 440/5/178 441/6/69 446/6/103 445/5/71
f 444/7/70 443/8/91 448/8/179 449/7/15
f 445/5/71 446/6/103 451/6/117 450/5/46
f 449/7/15 448/8/179 453/8/19 454/7/47
f 447/9/13 445/10/71 450/10/46 452/9/18
f 446/1/103 449/2/15 454/2/47 451/1/117
f 448/3/179 447/4/13 452/4/18 453/3/19
f 451/1/117 454/2/47 459/2/48 456/1/78
f 453/3/19 452/4/18 457/4/180 458/3/143
f 450/5/46 451/6/117 456/6/78 455/5/93
f 454/7/47 453/8/19 458/8/143 459/7/48
f 452/9/18 450/10/46 455/10/93 457/9/180
f 459/7/48 458/8/143 464/8/183 465/7/184
f 457/9/180 455/10/93 461/10/27 463/9/182
f 456/1/78 459/2/48 465/2/184 462/1/181
f 458/3/143 457/4/180 463/4/182 464/3/183
f 455/5/93 456/6/78 462/6/181 461/5/27
f 462/1/181 465/2/184 460/11/26
f 465/7/184 464/8/183 460/12/26
f 464/3/183 463/4/182 460/13/26
f 463/9/182 461/10/27 460/14/26
f 461/5/27 462/6/181 460/15/26
f 467/1/185 470/2/188 475/2/55 472/1/69
f 469/3/187 468/4/186 473/4/133 474/3/189
f 466/5/128 467/6/185 472/6/69 471/5/132
f 470/7/188 469/8/187 474/8/189 475/7/55
f 468/9/186 466/10/128 471/10/132 473/9/133
f 473/9/133 471/10/132 476/10/71 478/9/13
f 472/1/69 475/2/55 480/2/191 477/1/72
f 474/3/189 473/4/133 478/4/13 479/3/190
f 471/5/132 472/6/69 477/6/72 476/5/71
f 475/7/55 474/8/189 479/8/190 480/7/191
f 476/5/71 477/6/72 482/6/117 481/5/56
f 480/7/191 479/8/190 484/8/19 485/7/192
f 478/9/13 476/10/71 481/10/56 483/9/18
f 477/1/72 480/2/191 485/2/192 482/1/117
f 479/3/190 478/4/13 483/4/18 484/3/19
f 482/1/117 485/2/192 490/2/25 487/1/22
f 484/3/19 483/4/18 488/4/23 489/3/80
f 481/5/56 482/6/117 487/6/22 486/5/21
f 485/7/192 484/8/19 489/8/80 490/7/25
f 483/9/18 481/10/56 486/10/21 488/9/23
f 490/7/25 489/8/80 495/8/30 496/7/62
f 488/9/23 486/10/21 492/10/59 494/9/111
f 487/1/22 490/2/25 496/2/62 493/1/121
f 489/3/80 488/4/23 494/4/111 495/3/30
f 486/5/21 487/6/22 493/6/121 492/5/59
f 493/1/121 496/2/62 491/11/26
f 496/7/62 495/8/30 491/12/26
f 495/3/30 494/4/111 491/13/26
f 494/9/111 492/10/59 491/14/26
f 492/5/59 493/6/121 491/15/26
f 498/1/194 501/2/196 506/2/198 503/1/197
f 500/3/4 499/4/195 504/4/33 505/3/102
f 497/5/193 498/6/194 503/6/197 502/5/68
f 501/7/196 500/8/4 505/8/102 506/7/198
f 499/9/195 497/10/193 502/10/68 504/9/33
f 504/9/33 502/10/68 507/10/11 509/9/13
f 503/1/197 506/2/198 511/2/135 508/1/12
f 505/3/102 504/4/33 509/4/13 510/3/14
f 502/5/68 503/6/197 508/6/12 507/5/11
f 506/7/198 505/8/102 510/8/14 511/7/135
f 507/5/11 508/6/12 513/6/117 512/5/46
f 511/7/135 510/8/14 515/8/19 516/7/47
f 509/9/13 507/10/11 512/10/46 514/9/18
f 508/1/12 511/2/135 516/2/47 513/1/117
f 510/3/14 509/4/13 514/4/18 515/3/19
f 513/1/117 516/2/47 521/2/25 518/1/22
f 515/3/19 514/4/18 519/4/23 520/3/24
f 512/5/46 513/6/117 518/6/22 517/5/21
f 516/7/47 515/8/19 520/8/24 521/7/25
f 514/9/18 512/10/46 517/10/21 519/9/23
f 521/7/25 520/8/24 526/8/30 527/7/184
f 519/9/23 517/10/21 523/10/199 525/9/111
f 518/1/22 521/2/25 527/2/184 524/1/181
f 520/3/24 519/4/23 525/4/111 526/3/30
f 517/5/21 518/6/22 524/6/181 523/5/199
f 524/1/181 527/2/184 522/11/144
f 527/7/184 526/8/30 522/12/144
f 526/3/30 525/4/111 522/13/144
f 525/9/111 523/10/199 522/14/144
f 523/5/199 524/6/181 522/15/144
f 529/1/194 532/2/200 537/2/202 534/1/201
f 531/3/4 530/4/130 535/4/133 536/3/9
f 528/5/128 529/6/194 534/6/201 533/5/132
f 532/7/200 531/8/4 536/8/9 537/7/202
f 530/9/130 528/10/128 533/10/132 535/9/133
f 535/9/133 533/10/132 538/10/71 540/9/92
f 534/1/201 537/2/202 542/2/135 539/1/72
f 536/3/9 535/4/133 540/4/92 541/3/14
f 533/5/132 534/6/201 539/6/72 538/5/71
f 537/7/202 536/8/9 541/8/14 542/7/135
f 538/5/71 539/6/72 544/6/203 543/5/16
f 542/7/135 541/8/14 546/8/19 547/7/192
f 540/9/92 538/10/71 543/10/16 545/9/118
f 539/1/72 542/2/135 547/2/192 544/1/203
f 541/3/14 540/4/92 545/4/118 546/3/19
f 544/1/203 547/2/192 552/2/25 549/1/22
f 546/3/19 545/4/118 550/4/120 551/3/80
f 543/5/16 544/6/203 549/6/22 548/5/21
f 547/7/192 546/8/19 551/8/80 552/7/25
f 545/9/118 543/10/16 548/10/21 550/9/120
f 552/7/25 551/8/80 557/8/204 558/7/31
f 550/9/120 548/10/21 554/10/27 556/9/98
f 549/1/22 552/2/25 558/2/31 555/1/121
f 551/3/80 550/4/120 556/4/98 557/3/204
f 548/5/21 549/6/22 555/6/121 554/5/27
f 555/1/121 558/2/31 553/11/26
f 558/7/31 557/8/204 553/12/26
f 557/3/204 556/4/98 553/13/26
f 556/9/98 554/10/27 553/14/26
f 554/5/27 555/6/121 553/15/26
f 560/1/36 563/2/131 568/2/42 565/1/101
f 562/3/206 561/4/130 566/4/40 567/3/207
f 559/5/205 560/6/36 565/6/101 564/5/68
f 563/7/131 562/8/206 567/8/207 568/7/42
f 561/9/130 559/10/205 564/10/68 566/9/40
f 566/9/40 564/10/68 569/10/71 571/9/92
f 565/1/101 568/2/42 573/2/15 570/1/12
f 567/3/207 566/4/40 571/4/92 572/3/208
f 564/5/68 565/6/101 570/6/12 569/5/71
f 568/7/42 567/8/207 572/8/208 573/7/15
f 569/5/71 570/6/12 575/6/17 574/5/56
f 573/7/15 572/8/208 577/8/19 578/7/209
f 571/9/92 569/10/71 574/10/56 576/9/18
f 570/1/12 573/2/15 578/2/209 575/1/17
f 572/3/208 571/4/92 576/4/18 577/3/19
f 575/1/17 578/2/209 583/2/155 580/1/22
f 577/3/19 576/4/18 581/4/120 582/3/80
f 574/5/56 575/6/17 580/6/22 579/5/21
f 578/7/209 577/8/19 582/8/80 583/7/155
f 576/9/18 574/10/56 579/10/21 581/9/120
f 583/7/155 582/8/80 588/8/61 589/7/211
f 581/9/120 579/10/21 585/10/83 587/9/210
f 580/1/22 583/2/155 589/2/211 586/1/28
f 582/3/80 581/4/120 587/4/210 588/3/61
f 579/5/21 580/6/22 586/6/28 585/5/83
f 586/1/28 589/2/211 584/11/26
f 589/7/211 588/8/61 584/12/26
f 588/3/61 587/4/210 584/13/26
f 587/9/210 585/10/83 584/14/26
f 585/5/83 586/6/28 584/15/26
f 591/1/213 594/2/131 599/2/42 596/1/217
f 593/3/215 592/4/214 597/4/127 598/3/54
f 590/5/212 591/6/213 596/6/217 595/5/216
f 594/7/131 593/8/215 598/8/54 599/7/42
f 592/9/214 590/10/212 595/10/216 597/9/127
f 597/9/127 595/10/216 600/10/11 602/9/13
f 596/1/217 599/2/42 604/2/218 601/1/103
f 598/3/54 597/4/127 602/4/13 603/3/44
f 595/5/216 596/6/217 601/6/103 600/5/11
f 599/7/42 598/8/54 603/8/44 604/7/218
f 600/5/11 601/6/103 606/6/117 605/5/219
f 604/7/218 603/8/44 608/8/220 609/7/47
f 602/9/13 600/10/11 605/10/219 607/9/57
f 601/1/103 604/2/218 609/2/47 606/1/117
f 603/3/44 602/4/13 607/4/57 608/3/220
f 606/1/117 609/2/47 614/2/155 611/1/136
f 608/3/220 607/4/57 612/4/23 613/3/143
f 605/5/219 606/6/117 611/6/136 610/5/142
f 609/7/47 608/8/220 613/8/143 614/7/155
f 607/9/57 605/10/219 610/10/142 612/9/23
f 614/7/155 613/8/143 619/8/183 620/7/31
f 612/9/23 610/10/142 616/10/222 618/9/210
f 611/1/136 614/2/155 620/2/31 617/1/28
f 613/3/143 612/4/23 618/4/210 619/3/183
f 610/5/142 611/6/136 617/6/28 616/5/222
f 617/1/28 620/2/31 615/11/221
f 620/7/31 619/8/183 615/12/221
f 619/3/183 618/4/210 615/13/221
f 618/9/210 616/10/222 615/14/221
f 616/5/222 617/6/28 615/15/221
f 622/1/99 625/2/100 630/2/225 627/1/39
f 624/3/53 623/4/223 628/4/8 629/3/224
f 621/5/63 622/6/99 627/6/39 626/5/68
f 625/7/100 624/8/53 629/8/224 630/7/225
f 623/9/223 621/10/63 626/10/68 628/9/8
f 628/9/8 626/10/68 631/10/71 633/9/13
f 627/1/39 630/2/225 635/2/15 632/1/12
f 629/3/224 628/4/8 633/4/13 634/3/208
f 626/5/68 627/6/39 632/6/12 631/5/71
f 630/7/225 629/8/224 634/8/208 635/7/15
f 631/5/71 632/6/12 637/6/226 636/5/46
f 635/7/15 634/8/208 639/8/19 640/7/20
f 633/9/13 631/10/71 636/10/46 638/9/118
f 632/1/12 635/2/15 640/2/20 637/1/226
f 634/3/208 633/4/13 638/4/118 639/3/19
f 637/1/226 640/2/20 645/2/155 642/1/78
f 639/3/19 638/4/118 643/4/23 644/3/24
f 636/5/46 637/6/226 642/6/78 641/5/77
f 640/7/20 639/8/19 644/8/24 645/7/155
f 638/9/118 636/10/46 641/10/77 643/9/23
f 645/7/155 644/8/24 650/8/61 651/7/85
f 643/9/23 641/10/77 647/10/199 649/9/98
f 642/1/78 645/2/155 651/2/85 648/1/97
f 644/3/24 643/4/23 649/4/98 650/3/61
f 641/5/77 642/6/78 648/6/97 647/5/199
f 648/1/97 651/2/85 646/11/26
f 651/7/85 650/8/61 646/12/26
f 650/3/61 649/4/98 646/13/26
f 649/9/98 647/10/199 646/14/26
f 647/5/199 648/6/97 646/15/26
f 653/1/228 656/2/229 661/2/232 658/1/39
f 655/3/66 654/4/87 659/4/231 660/3/224
f 652/5/227 653/6/228 658/6/39 657/5/230
f 656/7/229 655/8/66 660/8/224 661/7/232
f 654/9/87 652/10/227 657/10/230 659/9/231
f 659/9/231 657/10/230 662/10/11 664/9/13
f 658/1/39 661/2/232 666/2/191 663/1/72
f 660/3/224 659/4/231 664/4/13 665/3/233
f 657/5/230 658/6/39 663/6/72 662/5/11
f 661/7/232 660/8/224 665/8/233 666/7/191
f 662/5/11 663/6/72 668/6/17 667/5/168
f 666/7/191 665/8/233 670/8/58 671/7/119
f 664/9/13 662/10/11 667/10/168 669/9/57
f 663/1/72 666/2/191 671/2/119 668/1/17
f 665/3/233 664/4/13 669/4/57 670/3/58
f 668/1/17 671/2/119 676/2/48 673/1/235
f 670/3/58 669/4/57 674/4/23 675/3/236
f 667/5/168 668/6/17 673/6/235 672/5/234
f 671/7/119 670/8/58 675/8/236 676/7/48
f 669/9/57 667/10/168 672/10/234 674/9/23
f 676/7/48 675/8/236 681/8/240 682/7/241
f 674/9/23 672/10/234 678/10/238 680/9/239
f 673/1/235 676/2/48 682/2/241 679/1/97
f 675/3/236 674/4/23 680/4/239 681/3/240
f 672/5/234 673/6/235 679/6/97 678/5/238
f 679/1/97 682/2/241 677/11/237
f 682/7/241 681/8/240 677/12/237
f 681/3/240 680/4/239 677/13/237
f 680/9/239 678/10/238 677/14/237
f 678/5/238 679/6/97 677/15/237
f 684/1/99 687/2/100 692/2/243 689/1/39
f 686/3/53 685/4/123 690/4/33 691/3/224
f 683/5/242 684/6/99 689/6/39 688/5/68
f 687/7/100 686/8/53 691/8/224 692/7/243
f 685/9/123 683/10/242 688/10/68 690/9/33
f 690/9/33 688/10/68 693/10/71 695/9/43
f 689/1/39 692/2/243 697/2/15 694/1/103
f 691/3/224 690/4/33 695/4/43 696/3/208
f 688/5/68 689/6/39 694/6/103 693/5/71
f 692/7/243 691/8/224 696/8/208 697/7/15
f 693/5/71 694/6/103 699/6/17 698/5/46
f 697/7/15 696/8/208 701/8/19 702/7/119
f 695/9/43 693/10/71 698/10/46 700/9/118
f 694/1/103 697/2/15 702/2/119 699/1/17
f 696/3/208 695/4/43 700/4/118 701/3/19
f 699/1/17 702/2/119 707/2/244 704/1/78
f 701/3/19 700/4/118 705/4/120 706/3/109
f 698/5/46 699/6/17 704/6/78 703/5/21
f 702/7/119 701/8/19 706/8/109 707/7/244
f 700/9/118 698/10/46 703/10/21 705/9/120
f 707/7/244 706/8/109 712/8/30 713/7/245
f 705/9/120 703/10/21 709/10/83 711/9/98
f 704/1/78 707/2/244 713/2/245 710/1/49
f 706/3/109 705/4/120 711/4/98 712/3/30
f 703/5/21 704/6/78 710/6/49 709/5/83
f 710/1/49 713/2/245 708/11/26
f 713/7/245 712/8/30 708/12/26
f 712/3/30 711/4/98 708/13/26
f 711/9/98 709/10/83 708/14/26
f 709/5/83 710/6/49 708/15/26
f 715/1/246 718/2/248 723/2/251 720/1/249
f 717/3/247 716/4/130 721/4/133 722/3/250
f 714/5/128 715/6/246 720/6/249 719/5/132
f 718/7/248 717/8/247 722/8/250 723/7/251
f 716/9/130 714/10/128 719/10/132 721/9/133
f 721/9/133 719/10/132 724/10/71 726/9/13
f 720/1/249 723/2/251 728/2/191 725/1/72
f 722/3/250 721/4/133 726/4/13 727/3/190
f 719/5/132 720/6/249 725/6/72 724/5/71
f 723/7/251 722/8/250 727/8/190 728/7/191
f 724/5/71 725/6/72 730/6/17 729/5/16
f 728/7/191 727/8/190 732/8/19 733/7/119
f 726/9/13 724/10/71 729/10/16 731/9/18
f 725/1/72 728/2/191 733/2/119 730/1/17
f 727/3/190 726/4/13 731/4/18 732/3/19
f 730/1/17 733/2/119 738/2/25 735/1/22
f 732/3/19 731/4/18 736/4/120 737/3/80
f 729/5/16 730/6/17 735/6/22 734/5/21
f 733/7/119 732/8/19 737/8/80 738/7/25
f 731/9/18 729/10/16 734/10/21 736/9/120
f 738/7/25 737/8/80 743/8/252 744/7/62
f 736/9/120 734/10/21 740/10/59 742/9/29
f 735/1/22 738/2/25 744/2/62 741/1/181
f 737/3/80 736/4/120 742/4/29 743/3/252
f 734/5/21 735/6/22 741/6/181 740/5/59
f 741/1/181 744/2/62 739/11/26
f 744/7/62 743/8/252 739/12/26
f 743/3/252 742/4/29 739/13/26
f 742/9/29 740/10/59 739/14/26
f 740/5/59 741/6/181 739/15/26
f 746/1/113 749/2/188 754/2/55 751/1/39
f 748/3/254 747/4/253 752/4/8 753/3/189
f 745/5/122 746/6/113 751/6/39 750/5/68
f 749/7/188 748/8/254 753/8/189 754/7/55
f 747/9/253 745/10/122 750/10/68 752/9/8
f 752/9/8 750/10/68 755/10/71 757/9/13
f 751/1/39 754/2/55 759/2/135 756/1/72
f 753/3/189 752/4/8 757/4/13 758/3/44
f 750/5/68 751/6/39 756/6/72 755/5/71
f 754/7/55 753/8/189 758/8/44 759/7/135
f 755/5/71 756/6/72 761/6/117 760/5/16
f 759/7/135 758/8/44 763/8/19 764/7/20
f 757/9/13 755/10/71 760/10/16 762/9/18
f 756/1/72 759/2/135 764/2/20 761/1/117
f 758/3/44 757/4/13 762/4/18 763/3/19
f 761/1/117 764/2/20 769/2/25 766/1/22
f 763/3/19 762/4/18 767/4/23 768/3/80
f 760/5/16 761/6/117 766/6/22 765/5/21
f 764/7/20 763/8/19 768/8/80 769/7/25
f 762/9/18 760/10/16 765/10/21 767/9/23
f 769/7/25 768/8/80 774/8/30 775/7/31
f 767/9/23 765/10/21 771/10/27 773/9/60
f 766/1/22 769/2/25 775/2/31 772/1/49
f 768/3/80 767/4/23 773/4/60 774/3/30
f 765/5/21 766/6/22 772/6/49 771/5/27
f 772/1/49 775/2/31 770/11/26
f 775/7/31 774/8/30 770/12/26
f 774/3/30 773/4/60 770/13/26
f 773/9/60 771/10/27 770/14/26
f 771/5/27 772/6/49 770/15/26
f 777/1/2 780/2/114 785/2/202 782/1/39
f 779/3/126 778/4/52 783/4/8 784/3/54
f 776/5/122 777/6/2 782/6/39 781/5/68
f 780/7/114 779/8/126 784/8/54 785/7/202
f 778/9/52 776/10/122 781/10/68 783/9/8
f 783/9/8 781/10/68 786/10/71 788/9/13
f 782/1/39 785/2/202 790/2/15 787/1/12
f 784/3/54 783/4/8 788/4/13 789/3/14
f 781/5/68 782/6/39 787/6/12 786/5/71
f 785/7/202 784/8/54 789/8/14 790/7/15
f 786/5/71 787/6/12 792/6/17 791/5/16
f 790/7/15 789/8/14 794/8/19 795/7/20
f 788/9/13 786/10/71 791/10/16 793/9/18
f 787/1/12 790/2/15 795/2/20 792/1/17
f 789/3/14 788/4/13 793/4/18 794/3/19
f 792/1/17 795/2/20 800/2/48 797/1/22
f 794/3/19 793/4/18 798/4/23 799/3/24
f 791/5/16 792/6/17 797/6/22 796/5/21
f 795/7/20 794/8/19 799/8/24 800/7/48
f 793/9/18 791/10/16 796/10/21 798/9/23
f 800/7/48 799/8/24 805/8/61 806/7/50
f 798/9/23 796/10/21 802/10/27 804/9/60
f 797/1/22 800/2/48 806/2/50 803/1/49
f 799/3/24 798/4/23 804/4/60 805/3/61
f 796/5/21 797/6/22 803/6/49 802/5/27
f 803/1/49 806/2/50 801/11/26
f 806/7/50 805/8/61 801/12/26
f 805/3/61 804/4/60 801/13/26
f 804/9/60 802/10/27 801/14/26
f 802/5/27 803/6/49 801/15/26
f 808/1/256 811/2/258 816/2/10 813/1/201
f 810/3/257 809/4/195 814/4/33 815/3/259
f 807/5/255 808/6/256 813/6/201 812/5/178
f 811/7/258 810/8/257 815/8/259 816/7/10
f 809/9/195 807/10/255 812/10/178 814/9/33
f 814/9/33 812/10/178 817/10/71 819/9/92
f 813/1/201 816/2/10 821/2/15 818/1/12
f 815/3/259 814/4/33 819/4/92 820/3/208
f 812/5/178 813/6/201 818/6/12 817/5/71
f 816/7/10 815/8/259 820/8/208 821/7/15
f 817/5/71 818/6/12 823/6/17 822/5/168
f 821/7/15 820/8/208 825/8/260 826/7/47
f 819/9/92 817/10/71 822/10/168 824/9/18
f 818/1/12 821/2/15 826/2/47 823/1/17
f 820/3/208 819/4/92 824/4/18 825/3/260
f 823/1/17 826/2/47 831/2/48 828/1/22
f 825/3/260 824/4/18 829/4/120 830/3/80
f 822/5/168 823/6/17 828/6/22 827/5/21
f 826/7/47 825/8/260 830/8/80 831/7/48
f 824/9/18 822/10/168 827/10/21 829/9/120
f 831/7/48 830/8/80 836/8/61 837/7/211
f 829/9/120 827/10/21 833/10/27 835/9/210
f 828/1/22 831/2/48 837/2/211 834/1/28
f 830/3/80 829/4/120 835/4/210 836/3/61
f 827/5/21 828/6/22 834/6/28 833/5/27
f 834/1/28 837/2/211 832/11/156
f 837/7/211 836/8/61 832/12/156
f 836/3/61 835/4/210 832/13/156
f 835/9/210 833/10/27 832/14/156
f 833/5/27 834/6/28 832/15/156
f 839/1/2 842/2/188 847/2/55 844/1/39
f 841/3/126 840/4/146 845/4/90 846/3/54
f 838/5/261 839/6/2 844/6/39 843/5/262
f 842/7/188 841/8/126 846/8/54 847/7/55
f 840/9/146 838/10/261 843/10/262 845/9/90
f 845/9/90 843/10/262 848/10/11 850/9/13
f 844/1/39 847/2/55 852/2/15 849/1/12
f 846/3/54 845/4/90 850/4/13 851/3/44
f 843/5/262 844/6/39 849/6/12 848/5/11
f 847/7/55 846/8/54 851/8/44 852/7/15
f 848/5/11 849/6/12 854/6/17 853/5/56
f 852/7/15 851/8/44 856/8/19 857/7/20
f 850/9/13 848/10/11 853/10/56 855/9/18
f 849/1/12 852/2/15 857/2/20 854/1/17
f 851/3/44 850/4/13 855/4/18 856/3/19
f 854/1/17 857/2/20 862/2/155 859/1/263
f 856/3/19 855/4/18 860/4/23 861/3/143
f 853/5/56 854/6/17 859/6/263 858/5/21
f 857/7/20 856/8/19 861/8/143 862/7/155
f 855/9/18 853/10/56 858/10/21 860/9/23
f 862/7/155 861/8/143 867/8/30 868/7/50
f 860/9/23 858/10/21 864/10/27 866/9/29
f 859/1/263 862/2/155 868/2/50 865/1/28
f 861/3/143 860/4/23 866/4/29 867/3/30
f 858/5/21 859/6/263 865/6/28 864/5/27
f 865/1/28 868/2/50 863/11/26
f 868/7/50 867/8/30 863/12/26
f 867/3/30 866/4/29 863/13/26
f 866/9/29 864/10/27 863/14/26
f 864/5/27 865/6/28 863/15/26
f 870/1/138 873/2/267 878/2/225 875/1/150
f 872/3/266 871/4/265 876/4/268 877/3/151
f 869/5/264 870/6/138 875/6/150 874/5/178
f 873/7/267 872/8/266 877/8/151 878/7/225
f 871/9/265 869/10/264 874/10/178 876/9/268
f 876/9/268 874/10/178 879/10/166 881/9/43
f 875/1/150 878/2/225 883/2/75 880/1/12
f 877/3/151 876/4/268 881/4/43 882/3/74
f 874/5/178 875/6/150 880/6/12 879/5/166
f 878/7/225 877/8/151 882/8/74 883/7/75
f 879/5/166 880/6/12 885/6/169 884/5/46
f 883/7/75 882/8/74 887/8/19 888/7/20
f 881/9/43 879/10/166 884/10/46 886/9/18
f 880/1/12 883/2/75 888/2/20 885/1/169
f 882/3/74 881/4/43 886/4/18 887/3/19
f 885/1/169 888/2/20 893/2/155 890/1/94
f 887/3/19 886/4/18 891/4/120 892/3/24
f 884/5/46 885/6/169 890/6/94 889/5/21
f 888/7/20 887/8/19 892/8/24 893/7/155
f 886/9/18 884/10/46 889/10/21 891/9/120
f 893/7/155 892/8/24 898/8/175 899/7/269
f 891/9/120 889/10/21 895/10/83 897/9/98
f 890/1/94 893/2/155 899/2/269 896/1/49
f 892/3/24 891/4/120 897/4/98 898/3/175
f 889/5/21 890/6/94 896/6/49 895/5/83
f 896/1/49 899/2/269 894/11/82
f 899/7/269 898/8/175 894/12/82
f 898/3/175 897/4/98 894/13/82
f 897/9/98 895/10/83 894/14/82
f 895/5/83 896/6/49 894/15/82
f 901/1/271 904/2/272 909/2/277 906/1/274
f 903/3/126 902/4/161 907/4/275 908/3/276
f 900/5/270 901/6/271 906/6/274 905/5/273
f 904/7/272 903/8/126 908/8/276 909/7/277
f 902/9/161 900/10/270 905/10/273 907/9/275
f 907/9/275 905/10/273 910/10/71 912/9/13
f 906/1/274 909/2/277 914/2/75 911/1/12
f 908/3/276 907/4/275 912/4/13 913/3/14
f 905/5/273 906/6/274 911/6/12 910/5/71
f 909/7/277 908/8/276 913/8/14 914/7/75
f 910/5/71 911/6/12 916/6/117 915/5/16
f 914/7/75 913/8/14 918/8/278 919/7/20
f 912/9/13 910/10/71 915/10/16 917/9/18
f 911/1/12 914/2/75 919/2/20 916/1/117
f 913/3/14 912/4/13 917/4/18 918/3/278
f 916/1/117 919/2/20 924/2/25 921/1/136
f 918/3/278 917/4/18 922/4/95 923/3/24
f 915/5/16 916/6/117 921/6/136 920/5/142
f 919/7/20 918/8/278 923/8/24 924/7/25
f 917/9/18 915/10/16 920/10/142 922/9/95
f 924/7/25 923/8/24 929/8/61 930/7/279
f 922/9/95 920/10/142 926/10/157 928/9/111
f 921/1/136 924/2/25 930/2/279 927/1/121
f 923/3/24 922/4/95 928/4/111 929/3/61
f 920/5/142 921/6/136 927/6/121 926/5/157
f 927/1/121 930/2/279 925/11/172
f 930/7/279 929/8/61 925/12/172
f 929/3/61 928/4/111 925/13/172
f 928/9/111 926/10/157 925/14/172
f 926/5/157 927/6/121 925/15/172
f 932/1/99 935/2/148 940/2/280 937/1/39
f 934/3/53 933/4/123 938/4/33 939/3/224
f 931/5/176 932/6/99 937/6/39 936/5/178
f 935/7/148 934/8/53 939/8/224 940/7/280
f 933/9/123 931/10/176 936/10/178 938/9/33
f 938/9/33 936/10/178 941/10/71 943/9/13
f 937/1/39 940/2/280 945/2/104 942/1/103
f 939/3/224 938/4/33 943/4/13 944/3/14
f 936/5/178 937/6/39 942/6/103 941/5/71
f 940/7/280 939/8/224 944/8/14 945/7/104
f 941/5/71 942/6/103 947/6/117 946/5/168
f 945/7/104 944/8/14 949/8/19 950/7/209
f 943/9/13 941/10/71 946/10/168 948/9/57
f 942/1/103 945/2/104 950/2/209 947/1/117
f 944/3/14 943/4/13 948/4/57 949/3/19
f 947/1/117 950/2/209 955/2/244 952/1/78
f 949/3/19 948/4/57 953/4/79 954/3/24
f 946/5/168 947/6/117 952/6/78 951/5/281
f 950/7/209 949/8/19 954/8/24 955/7/244
f 948/9/57 946/10/168 951/10/281 953/9/79
f 955/7/244 954/8/24 960/8/30 961/7/85
f 953/9/79 951/10/281 957/10/83 959/9/111
f 952/1/78 955/2/244 961/2/85 958/1/49
f 954/3/24 953/4/79 959/4/111 960/3/30
f 951/5/281 952/6/78 958/6/49 957/5/83
f 958/1/49 961/2/85 956/11/82
f 961/7/85 960/8/30 956/12/82
f 960/3/30 959/4/111 956/13/82
f 959/9/111 957/10/83 956/14/82
f 957/5/83 958/6/49 956/15/82
f 963/1/99 966/2/131 971/2/42 968/1/115
f 965/3/282 964/4/52 969/4/8 970/3/189
f 962/5/205 963/6/99 968/6/115 967/5/149
f 966/7/131 965/8/282 970/8/189 971/7/42
f 964/9/52 962/10/205 967/10/149 969/9/8
f 969/9/8 967/10/149 972/10/71 974/9/92
f 968/1/115 971/2/42 976/2/15 973/1/72
f 970/3/189 969/4/8 974/4/92 975/3/14
f 967/5/149 968/6/115 973/6/72 972/5/71
f 971/7/42 970/8/189 975/8/14 976/7/15
f 972/5/71 973/6/72 978/6/117 977/5/56
f 976/7/15 975/8/14 980/8/19 981/7/192
f 974/9/92 972/10/71 977/10/56 979/9/18
f 973/1/72 976/2/15 981/2/192 978/1/117
f 975/3/14 974/4/92 979/4/18 980/3/19
f 978/1/117 981/2/192 986/2/283 983/1/136
f 980/3/19 979/4/18 984/4/23 985/3/24
f 977/5/56 978/6/117 983/6/136 982/5/21
f 981/7/192 980/8/19 985/8/24 986/7/283
f 979/9/18 977/10/56 982/10/21 984/9/23
f 986/7/283 985/8/24 991/8/30 992/7/85
f 984/9/23 982/10/21 988/10/59 990/9/111
f 983/1/136 986/2/283 992/2/85 989/1/121
f 985/3/24 984/4/23 990/4/111 991/3/30
f 982/5/21 983/6/136 989/6/121 988/5/59
f 989/1/121 992/2/85 987/11/26
f 992/7/85 991/8/30 987/12/26
f 991/3/30 990/4/111 987/13/26
f 990/9/111 988/10/59 987/14/26
f 988/5/59 989/6/121 987/15/26
o orange_stem_left
v 0.985838 1.480712 -1.979754
v 0.993226 1.480348 -1.981333
v 0.982011 1.480446 -1.986304
v 0.986998 1.479933 -1.991970
v 0.993949 1.479836 -1.988909
v 0.985973 1.482978 -1.979955
v 0.993426 1.482592 -1.981529
v 0.982175 1.482705 -1.986469
v 0.987168 1.482165 -1.992173
v 0.994195 1.482038 -1.989120
v 0.987007 1.499030 -1.981892
v 0.993149 1.498735 -1.983208
v 0.983853 1.498802 -1.987330
v 0.988050 1.498383 -1.991989
v 0.993774 1.498326 -1.989434
v 0.987480 1.509135 -1.982985
v 0.992858 1.507961 -1.984241
v 0.984793 1.510440 -1.987793
v 0.988529 1.510075 -1.992008
v 0.993504 1.508533 -1.989809
v 0.990499 1.520384 -1.980723
v 0.995575 1.519192 -1.981929
v 0.987989 1.521770 -1.985250
v 0.991538 1.521436 -1.989258
v 0.996214 1.519845 -1.987197
v 1.001253 1.542626 -1.978852
v 0.999595 1.541805 -1.975654
v 1.003631 1.540879 -1.976629
v 0.997592 1.542895 -1.979253
v 1.000395 1.542638 -1.982448
v 1.004129 1.541394 -1.980821
v 0.985837 1.480712 8.853544
v 0.993226 1.480348 8.851965
v 0.982010 1.480446 8.846993
v 0.986997 1.479933 8.841328
v 0.993948 1.479836 8.844389
v 0.985972 1.482978 8.853343
v 0.993426 1.482592 8.851770
v 0.982174 1.482705 8.846829
v 0.987167 1.482165 8.841125
v 0.994195 1.482038 8.844178
v 0.987007 1.499030 8.851407
v 0.993149 1.498735 8.850091
v 0.983853 1.498802 8.845968
v 0.988050 1.498383 8.841309
v 0.993773 1.498326 8.843865
v 0.987479 1.509135 8.850313
v 0.992857 1.507961 8.849056
v 0.984793 1.510440 8.845505
v 0.988528 1.510075 8.841290
v 0.993504 1.508533 8.843489
v 0.990499 1.520384 8.852574
v 0.995575 1.519192 8.851369
v 0.987989 1.521770 8.848048
v 0.991538 1.521436 8.844041
v 0.996213 1.519845 8.846102
v 1.001252 1.542626 8.854445
v 0.999594 1.541805 8.857644
v 1.003630 1.540879 8.856669
v 0.997591 1.542895 8.854045
v 1.000395 1.542638 8.850850
v 1.004128 1.541394 8.852477
v 0.985837 1.480712 5.242445
v 0.993226 1.480348 5.240866
v 0.982010 1.480446 5.235895
v 0.986997 1.479933 5.230228
v 0.993949 1.479836 5.233290
v 0.985973 1.482978 5.242244
v 0.993426 1.482592 5.240670
v 0.982174 1.482705 5.235729
v 0.987168 1.482165 5.230025
v 0.994195 1.482038 5.233079
v 0.987007 1.499030 5.240307
v 0.993149 1.498735 5.238991
v 0.983853 1.498802 5.234869
v 0.988050 1.498383 5.230209
v 0.993774 1.498326 5.232765
v 0.987480 1.509135 5.239214
v 0.992858 1.507961 5.237957
v 0.984793 1.510440 5.234406
v 0.988529 1.510075 5.230190
v 0.993504 1.508533 5.232390
v 0.990499 1.520384 5.241475
v 0.995575 1.519192 5.240270
v 0.987989 1.521770 5.236949
v 0.991538 1.521436 5.232941
v 0.996214 1.519845 5.235002
v 1.001252 1.542626 5.243347
v 0.999595 1.541805 5.246544
v 1.003630 1.540879 5.245570
v 0.997591 1.542895 5.242946
v 1.000395 1.542638 5.239750
v 1.004128 1.541394 5.241378
v 0.985837 1.480712 12.464645
v 0.993226 1.480348 12.463067
v 0.982010 1.480446 12.458095
v 0.986998 1.479933 12.452429
v 0.993948 1.479836 12.455491
v 0.985973 1.482978 12.464445
v 0.993426 1.482592 12.462871
v 0.982174 1.482705 12.457930
v 0.987168 1.482165 12.452226
v 0.994195 1.482038 12.455279
v 0.987007 1.499030 12.462506
v 0.993149 1.498735 12.461191
v 0.983853 1.498802 12.457069
v 0.988050 1.498383 12.452411
v 0.993773 1.498326 12.454965
v 0.987479 1.509135 12.461413
v 0.992857 1.507961 12.460157
v 0.984793 1.510440 12.456606
v 0.988528 1.510075 12.452391
v 0.993504 1.508533 12.454590
v 0.990499 1.520384 12.463676
v 0.995574 1.519192 12.462469
v 0.987989 1.521770 12.459148
v 0.991538 1.521436 12.455140
v 0.996214 1.519845 12.457203
v 1.001252 1.542626 12.465547
v 0.999594 1.541805 12.468745
v 1.003630 1.540879 12.467771
v 0.997591 1.542895 12.465146
v 1.000395 1.542638 12.461952
v 1.004128 1.541394 12.463577
v 0.985838 1.480712 1.631345
v 0.993226 1.480348 1.629767
v 0.982011 1.480446 1.624795
v 0.986998 1.479933 1.619129
v 0.993949 1.479836 1.622190
v 0.985973 1.482978 1.631145
v 0.993426 1.482592 1.629571
v 0.982175 1.482705 1.624630
v 0.987168 1.482165 1.618927
v 0.994195 1.482038 1.621980
v 0.987007 1.499030 1.629208
v 0.993149 1.498735 1.627892
v 0.983853 1.498802 1.623769
v 0.988050 1.498383 1.619110
v 0.993774 1.498326 1.621666
v 0.987480 1.509135 1.628114
v 0.992858 1.507961 1.626858
v 0.984793 1.510440 1.623306
v 0.988529 1.510075 1.619091
v 0.993504 1.508533 1.621290
v 0.990499 1.520384 1.630377
v 0.995575 1.519192 1.629170
v 0.987989 1.521770 1.625849
v 0.991538 1.521436 1.621842
v 0.996214 1.519845 1.623903
v 1.001252 1.542626 1.632247
v 0.999595 1.541805 1.635445
v 1.003630 1.540879 1.634471
v 0.997592 1.542895 1.631846
v 1.000395 1.542638 1.628651
v 1.004129 1.541394 1.630278
v 0.985837 1.480712 -12.813054
v 0.993226 1.480348 -12.814633
v 0.982011 1.480446 -12.819604
v 0.986997 1.479933 -12.825271
v 0.993949 1.479836 -12.822208
v 0.985973 1.482978 -12.813254
v 0.993426 1.482592 -12.814828
v 0.982175 1.482705 -12.819769
v 0.987168 1.482165 -12.825473
v 0.994195 1.482038 -12.822419
v 0.987007 1.499030 -12.815191
v 0.993149 1.498735 -12.816506
v 0.983853 1.498802 -12.820629
v 0.988050 1.498383 -12.825290
v 0.993774 1.498326 -12.822733
v 0.987480 1.509135 -12.816284
v 0.992858 1.507961 -12.817541
v 0.984793 1.510440 -12.821093
v 0.988529 1.510075 -12.825308
v 0.993504 1.508533 -12.823109
v 0.990499 1.520384 -12.814023
v 0.995575 1.519192 -12.815228
v 0.987989 1.521770 -12.818549
v 0.991538 1.521436 -12.822556
v 0.996214 1.519845 -12.820497
v 1.001252 1.542626 -12.812152
v 0.999595 1.541805 -12.808953
v 1.003631 1.540879 -12.809928
v 0.997591 1.542895 -12.812553
v 1.000395 1.542638 -12.815748
v 1.004129 1.541394 -12.814121
v 0.985837 1.480712 -9.201953
v 0.993226 1.480348 -9.203531
v 0.982010 1.480446 -9.208503
v 0.986997 1.479933 -9.214170
v 0.993949 1.479836 -9.211107
v 0.985973 1.482978 -9.202154
v 0.993426 1.482592 -9.203727
v 0.982174 1.482705 -9.208668
v 0.987168 1.482165 -9.214372
v 0.994195 1.482038 -9.211318
v 0.987007 1.499030 -9.204090
v 0.993149 1.498735 -9.205406
v 0.983853 1.498802 -9.209528
v 0.988050 1.498383 -9.214188
v 0.993774 1.498326 -9.211633
v 0.987480 1.509135 -9.205183
v 0.992858 1.507961 -9.206440
v 0.984793 1.510440 -9.209991
v 0.988529 1.510075 -9.214207
v 0.993504 1.508533 -9.212008
v 0.990499 1.520384 -9.202922
v 0.995575 1.519192 -9.204128
v 0.987989 1.521770 -9.207449
v 0.991538 1.521436 -9.211456
v 0.996214 1.519845 -9.209395
v 1.001252 1.542626 -9.201052
v 0.999595 1.541805 -9.197853
v 1.003630 1.540879 -9.198828
v 0.997591 1.542895 -9.201452
v 1.000395 1.542638 -9.204647
v 1.004129 1.541394 -9.203020
v 0.985837 1.480712 -5.590855
v 0.993226 1.480348 -5.592433
v 0.982010 1.480446 -5.597404
v 0.986997 1.479933 -5.603070
v 0.993948 1.479836 -5.600009
v 0.985973 1.482978 -5.591055
v 0.993426 1.482592 -5.592628
v 0.982174 1.482705 -5.597569
v 0.987168 1.482165 -5.603273
v 0.994195 1.482038 -5.600220
v 0.987007 1.499030 -5.592992
v 0.993149 1.498735 -5.594308
v 0.983853 1.498802 -5.598430
v 0.988050 1.498383 -5.603089
v 0.993774 1.498326 -5.600533
v 0.987480 1.509135 -5.594085
v 0.992858 1.507961 -5.595342
v 0.984793 1.510440 -5.598893
v 0.988529 1.510075 -5.603108
v 0.993504 1.508533 -5.600909
v 0.990499 1.520384 -5.591823
v 0.995575 1.519192 -5.593029
v 0.987989 1.521770 -5.596350
v 0.991538 1.521436 -5.600358
v 0.996214 1.519845 -5.598296
v 1.001252 1.542626 -5.589952
v 0.999594 1.541805 -5.586755
v 1.003630 1.540879 -5.587729
v 0.997591 1.542895 -5.590353
v 1.000395 1.542638 -5.593548
v 1.004129 1.541394 -5.591921
v -7.014162 1.480712 -1.979754
v -7.006773 1.480348 -1.981333
v -7.017989 1.480446 -1.986304
v -7.013002 1.479933 -1.991970
v -7.006051 1.479836 -1.988909
v -7.014026 1.482978 -1.979954
v -7.006573 1.482592 -1.981528
v -7.017825 1.482705 -1.986469
v -7.012831 1.482165 -1.992173
v -7.005805 1.482038 -1.989120
v -7.012991 1.499030 -1.981892
v -7.006851 1.498735 -1.983207
v -7.016146 1.498802 -1.987330
v -7.011949 1.498383 -1.991989
v -7.006226 1.498326 -1.989434
v -7.012519 1.509135 -1.982985
v -7.007142 1.507961 -1.984241
v -7.015206 1.510440 -1.987793
v -7.011470 1.510075 -1.992008
v -7.006495 1.508533 -1.989809
v -7.009500 1.520384 -1.980723
v -7.004424 1.519192 -1.981929
v -7.012010 1.521770 -1.985250
v -7.008461 1.521436 -1.989258
v -7.003786 1.519845 -1.987197
v -6.998746 1.542626 -1.978852
v -7.000405 1.541805 -1.975654
v -6.996368 1.540879 -1.976629
v -7.002408 1.542895 -1.979253
v -6.999605 1.542638 -1.982448
v -6.995870 1.541394 -1.980821
v -7.014163 1.480712 8.853543
v -7.006773 1.480348 8.851964
v -7.017990 1.480446 8.846992
v -7.013001 1.479933 8.841327
v -7.006051 1.479836 8.844388
v -7.014026 1.482978 8.853341
v -7.006573 1.482592 8.851768
v -7.017826 1.482705 8.846828
v -7.012832 1.482165 8.841124
v -7.005805 1.482038 8.844177
v -7.012993 1.499030 8.851405
v -7.006851 1.498735 8.850089
v -7.016146 1.498802 8.845966
v -7.011949 1.498383 8.841308
v -7.006226 1.498326 8.843863
v -7.012520 1.509135 8.850312
v -7.007142 1.507961 8.849055
v -7.015206 1.510440 8.845504
v -7.011471 1.510075 8.841289
v -7.006496 1.508533 8.843488
v -7.009501 1.520384 8.852573
v -7.004426 1.519192 8.851367
v -7.012011 1.521770 8.848046
v -7.008461 1.521436 8.844039
v -7.003786 1.519845 8.846101
v -6.998747 1.542626 8.854445
v -7.000405 1.541805 8.857642
v -6.996369 1.540879 8.856668
v -7.002409 1.542895 8.854044
v -6.999604 1.542638 8.850849
v -6.995872 1.541394 8.852476
v -7.014162 1.480712 5.242444
v -7.006773 1.480348 5.240865
v -7.017990 1.480446 5.235894
v -7.013002 1.479933 5.230227
v -7.006052 1.479836 5.233289
v -7.014027 1.482978 5.242244
v -7.006573 1.482592 5.240670
v -7.017825 1.482705 5.235729
v -7.012831 1.482165 5.230024
v -7.005805 1.482038 5.233079
v -7.012992 1.499030 5.240306
v -7.006850 1.498735 5.238991
v -7.016147 1.498802 5.234868
v -7.011950 1.498383 5.230209
v -7.006225 1.498326 5.232764
v -7.012519 1.509135 5.239213
v -7.007142 1.507961 5.237957
v -7.015206 1.510440 5.234405
v -7.011470 1.510075 5.230190
v -7.006495 1.508533 5.232389
v -7.009500 1.520384 5.241475
v -7.004425 1.519192 5.240269
v -7.012010 1.521770 5.236948
v -7.008461 1.521436 5.232940
v -7.003787 1.519845 5.235002
v -6.998747 1.542626 5.243346
v -7.000405 1.541805 5.246544
v -6.996369 1.540879 5.245569
v -7.002409 1.542895 5.242945
v -6.999605 1.542638 5.239750
v -6.995871 1.541394 5.241377
v -7.014163 1.480712 12.464643
v -7.006774 1.480348 12.463065
v -7.017989 1.480446 12.458093
v -7.013001 1.479933 12.452427
v -7.006051 1.479836 12.455489
v -7.014027 1.482978 12.464443
v -7.006573 1.482592 12.462870
v -7.017826 1.482705 12.457929
v -7.012831 1.482165 12.452224
v -7.005805 1.482038 12.455277
v -7.012992 1.499030 12.462505
v -7.006851 1.498735 12.461190
v -7.016146 1.498802 12.457068
v -7.011949 1.498383 12.452409
v -7.006226 1.498326 12.454963
v -7.012520 1.509135 12.461412
v -7.007142 1.507961 12.460155
v -7.015207 1.510440 12.456603
v -7.011471 1.510075 12.452390
v -7.006496 1.508533 12.454589
v -7.009501 1.520384 12.463675
v -7.004425 1.519192 12.462468
v -7.012011 1.521770 12.459147
v -7.008461 1.521436 12.455138
v -7.003785 1.519845 12.457201
v -6.998747 1.542626 12.465545
v -7.000405 1.541805 12.468743
v -6.996369 1.540879 12.467769
v -7.002408 1.542895 12.465144
v -6.999604 1.542638 12.461949
v -6.995871 1.541394 12.463575
v -7.014162 1.480712 1.631345
v -7.006773 1.480348 1.629766
v -7.017990 1.480446 1.624795
v -7.013002 1.479933 1.619129
v -7.006051 1.479836 1.622190
v -7.014026 1.482978 1.631145
v -7.006573 1.482592 1.629570
v -7.017825 1.482705 1.624630
v -7.012832 1.482165 1.618926
v -7.005804 1.482038 1.621979
v -7.012992 1.499030 1.629207
v -7.006850 1.498735 1.627891
v -7.016146 1.498802 1.623769
v -7.011949 1.498383 1.619110
v -7.006226 1.498326 1.621665
v -7.012519 1.509135 1.628114
v -7.007143 1.507961 1.626858
v -7.015207 1.510440 1.623306
v -7.011470 1.510075 1.619091
v -7.006495 1.508533 1.621290
v -7.009500 1.520384 1.630376
v -7.004425 1.519192 1.629170
v -7.012010 1.521770 1.625849
v -7.008461 1.521436 1.621841
v -7.003786 1.519845 1.623903
v -6.998746 1.542626 1.632247
v -7.000405 1.541805 1.635445
v -6.996369 1.540879 1.634470
v -7.002409 1.542895 1.631846
v -6.999604 1.542638 1.628651
v -6.995871 1.541394 1.630278
v -7.014162 1.480712 -12.813052
v -7.006773 1.480348 -12.814632
v -7.017990 1.480446 -12.819603
v -7.013002 1.479933 -12.825268
v -7.006051 1.479836 -12.822207
v -7.014027 1.482978 -12.813253
v -7.006573 1.482592 -12.814826
v -7.017825 1.482705 -12.819768
v -7.012831 1.482165 -12.825471
v -7.005804 1.482038 -12.822417
v -7.012992 1.499030 -12.815190
v -7.006851 1.498735 -12.816506
v -7.016146 1.498802 -12.820628
v -7.011950 1.498383 -12.825289
v -7.006225 1.498326 -12.822731
v -7.012519 1.509135 -12.816283
v -7.007142 1.507961 -12.817540
v -7.015206 1.510440 -12.821092
v -7.011470 1.510075 -12.825307
v -7.006495 1.508533 -12.823108
v -7.009500 1.520384 -12.814022
v -7.004425 1.519192 -12.815228
v -7.012009 1.521770 -12.818547
v -7.008461 1.521436 -12.822556
v -7.003785 1.519845 -12.820494
v -6.998747 1.542626 -12.812151
v -7.000405 1.541805 -12.808952
v -6.996369 1.540879 -12.809927
v -7.002408 1.542895 -12.812551
v -6.999604 1.542638 -12.815745
v -6.995870 1.541394 -12.814118
v -7.014162 1.480712 -9.201952
v -7.006773 1.480348 -9.203531
v -7.017989 1.480446 -9.208502
v -7.013002 1.479933 -9.214169
v -7.006051 1.479836 -9.211107
v -7.014027 1.482978 -9.202153
v -7.006573 1.482592 -9.203726
v -7.017826 1.482705 -9.208667
v -7.012831 1.482165 -9.214371
v -7.005805 1.482038 -9.211317
v -7.012992 1.499030 -9.204090
v -7.006851 1.498735 -9.205405
v -7.016147 1.498802 -9.209528
v -7.011949 1.498383 -9.214188
v -7.006226 1.498326 -9.211632
v -7.012520 1.509135 -9.205183
v -7.007142 1.507961 -9.206440
v -7.015206 1.510440 -9.209991
v -7.011470 1.510075 -9.214206
v -7.006495 1.508533 -9.212008
v -7.009500 1.520384 -9.202921
v -7.004425 1.519192 -9.204127
v -7.012011 1.521770 -9.207447
v -7.008461 1.521436 -9.211455
v -7.003786 1.519845 -9.209394
v -6.998746 1.542626 -9.201050
v -7.000405 1.541805 -9.197852
v -6.996369 1.540879 -9.198827
v -7.002408 1.542895 -9.201452
v -6.999605 1.542638 -9.204647
v -6.995871 1.541394 -9.203018
v -7.014162 1.480712 -5.590854
v -7.006773 1.480348 -5.592432
v -7.017989 1.480446 -5.597404
v -7.013002 1.479933 -5.603070
v -7.006051 1.479836 -5.600009
v -7.014026 1.482978 -5.591054
v -7.006574 1.482592 -5.592628
v -7.017825 1.482705 -5.597569
v -7.012832 1.482165 -5.603272
v -7.005805 1.482038 -5.600219
v -7.012992 1.499030 -5.592991
v -7.006850 1.498735 -5.594307
v -7.016146 1.498802 -5.598430
v -7.011950 1.498383 -5.603089
v -7.006225 1.498326 -5.600533
v -7.012519 1.509135 -5.594085
v -7.007142 1.507961 -5.595341
v -7.015206 1.510440 -5.598893
v -7.011471 1.510075 -5.603107
v -7.006495 1.508533 -5.600909
v -7.009500 1.520384 -5.591823
v -7.004425 1.519192 -5.593029
v -7.012011 1.521770 -5.596350
v -7.008461 1.521436 -5.600358
v -7.003786 1.519845 -5.598296
v -6.998747 1.542626 -5.589952
v -7.000405 1.541805 -5.586754
v -6.996369 1.540879 -5.587729
v -7.002408 1.542895 -5.590353
v -6.999604 1.542638 -5.593548
v -6.995871 1.541394 -5.591921
v -3.014162 1.480712 -1.979754
v -3.006774 1.480348 -1.981333
v -3.017989 1.480446 -1.986305
v -3.013001 1.479933 -1.991971
v -3.006051 1.479836 -1.988909
v -3.014027 1.482978 -1.979955
v -3.006574 1.482592 -1.981529
v -3.017825 1.482705 -1.986470
v -3.012832 1.482165 -1.992173
v -3.005805 1.482038 -1.989120
v -3.012992 1.499030 -1.981892
v -3.006851 1.498735 -1.983208
v -3.016147 1.498802 -1.987330
v -3.011950 1.498383 -1.991989
v -3.006226 1.498326 -1.989434
v -3.012520 1.509135 -1.982985
v -3.007142 1.507961 -1.984242
v -3.015206 1.510440 -1.987793
v -3.011471 1.510075 -1.992008
v -3.006495 1.508533 -1.989809
v -3.009501 1.520384 -1.980723
v -3.004425 1.519192 -1.981929
v -3.012010 1.521770 -1.985250
v -3.008461 1.521436 -1.989258
v -3.003786 1.519845 -1.987197
v -2.998747 1.542626 -1.978852
v -3.000405 1.541805 -1.975655
v -2.996369 1.540879 -1.976629
v -3.002408 1.542895 -1.979253
v -2.999604 1.542638 -1.982448
v -2.995871 1.541394 -1.980821
v -3.014163 1.480712 8.853542
v -3.006774 1.480348 8.851964
v -3.017990 1.480446 8.846993
v -3.013002 1.479933 8.841327
v -3.006051 1.479836 8.844388
v -3.014027 1.482978 8.853342
v -3.006574 1.482592 8.851768
v -3.017826 1.482705 8.846828
v -3.012833 1.482165 8.841123
v -3.005805 1.482038 8.844177
v -3.012992 1.499030 8.851405
v -3.006851 1.498735 8.850089
v -3.016147 1.498802 8.845967
v -3.011950 1.498383 8.841308
v -3.006226 1.498326 8.843863
v -3.012520 1.509135 8.850311
v -3.007142 1.507961 8.849055
v -3.015206 1.510440 8.845503
v -3.011471 1.510075 8.841289
v -3.006496 1.508533 8.843488
v -3.009501 1.520384 8.852573
v -3.004425 1.519192 8.851368
v -3.012011 1.521770 8.848047
v -3.008462 1.521436 8.844039
v -3.003787 1.519845 8.846100
v -2.998747 1.542626 8.854445
v -3.000406 1.541805 8.857643
v -2.996370 1.540879 8.856668
v -3.002409 1.542895 8.854043
v -2.999605 1.542638 8.850848
v -2.995872 1.541394 8.852476
v -3.014162 1.480712 5.242444
v -3.006774 1.480348 5.240865
v -3.017990 1.480446 5.235894
v -3.013002 1.479933 5.230227
v -3.006051 1.479836 5.233289
v -3.014027 1.482978 5.242243
v -3.006574 1.482592 5.240670
v -3.017825 1.482705 5.235728
v -3.012832 1.482165 5.230025
v -3.005805 1.482038 5.233078
v -3.012993 1.499030 5.240306
v -3.006851 1.498735 5.238991
v -3.016147 1.498802 5.234868
v -3.011950 1.498383 5.230208
v -3.006226 1.498326 5.232764
v -3.012520 1.509135 5.239213
v -3.007142 1.507961 5.237957
v -3.015206 1.510440 5.234405
v -3.011471 1.510075 5.230190
v -3.006495 1.508533 5.232389
v -3.009500 1.520384 5.241475
v -3.004425 1.519192 5.240269
v -3.012011 1.521770 5.236948
v -3.008461 1.521436 5.232941
v -3.003786 1.519845 5.235002
v -2.998747 1.542626 5.243346
v -3.000405 1.541805 5.246544
v -2.996369 1.540879 5.245569
v -3.002409 1.542895 5.242945
v -2.999605 1.542638 5.239750
v -2.995871 1.541394 5.241377
v -3.014163 1.480712 12.464643
v -3.006773 1.480348 12.463064
v -3.017990 1.480446 12.458092
v -3.013002 1.479933 12.452427
v -3.006051 1.479836 12.455489
v -3.014027 1.482978 12.464443
v -3.006575 1.482592 12.462869
v -3.017826 1.482705 12.457928
v -3.012833 1.482165 12.452224
v -3.005805 1.482038 12.455276
v -3.012992 1.499030 12.462504
v -3.006851 1.498735 12.461188
v -3.016147 1.498802 12.457067
v -3.011950 1.498383 12.452408
v -3.006226 1.498326 12.454963
v -3.012520 1.509135 12.461412
v -3.007143 1.507961 12.460155
v -3.015207 1.510440 12.456603
v -3.011471 1.510075 12.452388
v -3.006496 1.508533 12.454588
v -3.009501 1.520384 12.463675
v -3.004426 1.519192 12.462467
v -3.012010 1.521770 12.459147
v -3.008462 1.521436 12.455138
v -3.003787 1.519845 12.457201
v -2.998747 1.542626 12.465545
v -3.000406 1.541805 12.468742
v -2.996370 1.540879 12.467768
v -3.002408 1.542895 12.465144
v -2.999605 1.542638 12.461949
v -2.995872 1.541394 12.463575
v -3.014162 1.480712 1.631344
v -3.006773 1.480348 1.629766
v -3.017989 1.480446 1.624794
v -3.013002 1.479933 1.619129
v -3.006051 1.479836 1.622190
v -3.014027 1.482978 1.631144
v -3.006574 1.482592 1.629570
v -3.017825 1.482705 1.624629
v -3.012832 1.482165 1.618926
v -3.005805 1.482038 1.621979
v -3.012992 1.499030 1.629207
v -3.006851 1.498735 1.627891
v -3.016147 1.498802 1.623769
v -3.011950 1.498383 1.619110
v -3.006226 1.498326 1.621665
v -3.012520 1.509135 1.628114
v -3.007142 1.507961 1.626857
v -3.015206 1.510440 1.623306
v -3.011471 1.510075 1.619091
v -3.006495 1.508533 1.621290
v -3.009501 1.520384 1.630376
v -3.004425 1.519192 1.629170
v -3.012011 1.521770 1.625849
v -3.008462 1.521436 1.621841
v -3.003786 1.519845 1.623902
v -2.998747 1.542626 1.632246
v -3.000405 1.541805 1.635444
v -2.996369 1.540879 1.634470
v -3.002408 1.542895 1.631846
v -2.999605 1.542638 1.628651
v -2.995871 1.541394 1.630278
v -3.014162 1.480712 -12.813052
v -3.006773 1.480348 -12.814631
v -3.017989 1.480446 -12.819602
v -3.013002 1.479933 -12.825269
v -3.006051 1.479836 -12.822207
v -3.014027 1.482978 -12.813253
v -3.006573 1.482592 -12.814827
v -3.017825 1.482705 -12.819768
v -3.012832 1.482165 -12.825471
v -3.005805 1.482038 -12.822417
v -3.012992 1.499030 -12.815190
v -3.006851 1.498735 -12.816505
v -3.016147 1.498802 -12.820628
v -3.011950 1.498383 -12.825288
v -3.006226 1.498326 -12.822732
v -3.012520 1.509135 -12.816283
v -3.007142 1.507961 -12.817539
v -3.015206 1.510440 -12.821091
v -3.011471 1.510075 -12.825307
v -3.006495 1.508533 -12.823107
v -3.009501 1.520384 -12.814021
v -3.004425 1.519192 -12.815228
v -3.012011 1.521770 -12.818548
v -3.008461 1.521436 -12.822556
v -3.003786 1.519845 -12.820495
v -2.998747 1.542626 -12.812150
v -3.000405 1.541805 -12.808952
v -2.996369 1.540879 -12.809927
v -3.002408 1.542895 -12.812551
v -2.999604 1.542638 -12.815746
v -2.995871 1.541394 -12.814119
v -3.014163 1.480712 -9.201952
v -3.006774 1.480348 -9.203531
v -3.017989 1.480446 -9.208502
v -3.013002 1.479933 -9.214169
v -3.006051 1.479836 -9.211107
v -3.014027 1.482978 -9.202152
v -3.006574 1.482592 -9.203726
v -3.017825 1.482705 -9.208668
v -3.012832 1.482165 -9.214372
v -3.005805 1.482038 -9.211317
v -3.012992 1.499030 -9.204090
v -3.006851 1.498735 -9.205406
v -3.016147 1.498802 -9.209528
v -3.011950 1.498383 -9.214188
v -3.006226 1.498326 -9.211632
v -3.012520 1.509135 -9.205183
v -3.007142 1.507961 -9.206439
v -3.015206 1.510440 -9.209991
v -3.011471 1.510075 -9.214207
v -3.006495 1.508533 -9.212008
v -3.009501 1.520384 -9.202921
v -3.004425 1.519192 -9.204126
v -3.012011 1.521770 -9.207447
v -3.008462 1.521436 -9.211456
v -3.003786 1.519845 -9.209394
v -2.998747 1.542626 -9.201050
v -3.000405 1.541805 -9.197852
v -2.996369 1.540879 -9.198827
v -3.002409 1.542895 -9.201451
v -2.999605 1.542638 -9.204647
v -2.995871 1.541394 -9.203018
v -3.014163 1.480712 -5.590854
v -3.006774 1.480348 -5.592432
v -3.017989 1.480446 -5.597404
v -3.013002 1.479933 -5.603070
v -3.006051 1.479836 -5.600009
v -3.014027 1.482978 -5.591054
v -3.006574 1.482592 -5.592628
v -3.017825 1.482705 -5.597569
v -3.012832 1.482165 -5.603273
v -3.005805 1.482038 -5.600220
v -3.012992 1.499030 -5.592992
v -3.006851 1.498735 -5.594307
v -3.016147 1.498802 -5.598430
v -3.011950 1.498383 -5.603089
v -3.006226 1.498326 -5.600533
v -3.012520 1.509135 -5.594085
v -3.007142 1.507961 -5.595342
v -3.015207 1.510440 -5.598893
v -3.011471 1.510075 -5.603107
v -3.006496 1.508533 -5.600909
v -3.009501 1.520384 -5.591823
v -3.004425 1.519192 -5.593029
v -3.012011 1.521770 -5.596350
v -3.008462 1.521436 -5.600358
v -3.003786 1.519845 -5.598296
v -2.998748 1.542626 -5.589952
v -3.000405 1.541805 -5.586754
v -2.996370 1.540879 -5.587729
v -3.002409 1.542895 -5.590353
v -2.999605 1.542638 -5.593548
v -2.995871 1.541394 -5.591921
v 4.985837 1.480712 -1.979754
v 4.993225 1.480348 -1.981333
v 4.982010 1.480446 -1.986304
v 4.986998 1.479933 -1.991970
v 4.993948 1.479836 -1.988909
v 4.985972 1.482978 -1.979955
v 4.993425 1.482592 -1.981529
v 4.982174 1.482705 -1.986470
v 4.987167 1.482165 -1.992173
v 4.994195 1.482038 -1.989120
v 4.987007 1.499030 -1.981892
v 4.993148 1.498735 -1.983208
v 4.983852 1.498802 -1.987330
v 4.988050 1.498383 -1.991989
v 4.993773 1.498326 -1.989434
v 4.987479 1.509135 -1.982985
v 4.992857 1.507961 -1.984241
v 4.984793 1.510440 -1.987793
v 4.988528 1.510075 -1.992008
v 4.993504 1.508533 -1.989809
v 4.990499 1.520384 -1.980723
v 4.995574 1.519192 -1.981929
v 4.987989 1.521770 -1.985250
v 4.991537 1.521436 -1.989258
v 4.996213 1.519845 -1.987197
v 5.001252 1.542626 -1.978852
v 4.999594 1.541805 -1.975655
v 5.003630 1.540879 -1.976629
v 4.997591 1.542895 -1.979253
v 5.000395 1.542638 -1.982448
v 5.004128 1.541394 -1.980821
v 4.985837 1.480712 8.853542
v 4.993225 1.480348 8.851964
v 4.982009 1.480446 8.846992
v 4.986997 1.479933 8.841326
v 4.993948 1.479836 8.844388
v 4.985971 1.482978 8.853342
v 4.993425 1.482592 8.851768
v 4.982173 1.482705 8.846828
v 4.987167 1.482165 8.841124
v 4.994194 1.482038 8.844177
v 4.987006 1.499030 8.851406
v 4.993148 1.498735 8.850089
v 4.983852 1.498802 8.845967
v 4.988049 1.498383 8.841308
v 4.993773 1.498326 8.843863
v 4.987479 1.509135 8.850312
v 4.992857 1.507961 8.849055
v 4.984792 1.510440 8.845504
v 4.988528 1.510075 8.841289
v 4.993504 1.508533 8.843488
v 4.990498 1.520384 8.852573
v 4.995574 1.519192 8.851368
v 4.987988 1.521770 8.848047
v 4.991537 1.521436 8.844039
v 4.996213 1.519845 8.846100
v 5.001251 1.542626 8.854445
v 4.999594 1.541805 8.857642
v 5.003629 1.540879 8.856668
v 4.997591 1.542895 8.854043
v 5.000394 1.542638 8.850849
v 5.004128 1.541394 8.852476
v 4.985837 1.480712 5.242444
v 4.993225 1.480348 5.240865
v 4.982009 1.480446 5.235894
v 4.986997 1.479933 5.230227
v 4.993948 1.479836 5.233289
v 4.985972 1.482978 5.242244
v 4.993425 1.482592 5.240670
v 4.982173 1.482705 5.235729
v 4.987167 1.482165 5.230025
v 4.994194 1.482038 5.233079
v 4.987006 1.499030 5.240306
v 4.993148 1.498735 5.238991
v 4.983852 1.498802 5.234869
v 4.988049 1.498383 5.230209
v 4.993773 1.498326 5.232765
v 4.987479 1.509135 5.239213
v 4.992857 1.507961 5.237957
v 4.984793 1.510440 5.234405
v 4.988528 1.510075 5.230190
v 4.993504 1.508533 5.232389
v 4.990498 1.520384 5.241475
v 4.995574 1.519192 5.240269
v 4.987988 1.521770 5.236948
v 4.991537 1.521436 5.232941
v 4.996213 1.519845 5.235002
v 5.001252 1.542626 5.243346
v 4.999594 1.541805 5.246544
v 5.003630 1.540879 5.245569
v 4.997591 1.542895 5.242945
v 5.000394 1.542638 5.239750
v 5.004128 1.541394 5.241377
v 4.985837 1.480712 12.464643
v 4.993225 1.480348 12.463065
v 4.982009 1.480446 12.458093
v 4.986997 1.479933 12.452428
v 4.993948 1.479836 12.455488
v 4.985971 1.482978 12.464442
v 4.993425 1.482592 12.462869
v 4.982173 1.482705 12.457928
v 4.987166 1.482165 12.452224
v 4.994194 1.482038 12.455276
v 4.987006 1.499030 12.462504
v 4.993148 1.498735 12.461189
v 4.983852 1.498802 12.457067
v 4.988049 1.498383 12.452409
v 4.993773 1.498326 12.454963
v 4.987479 1.509135 12.461412
v 4.992857 1.507961 12.460155
v 4.984792 1.510440 12.456603
v 4.988528 1.510075 12.452389
v 4.993503 1.508533 12.454588
v 4.990499 1.520384 12.463674
v 4.995574 1.519192 12.462467
v 4.987988 1.521770 12.459147
v 4.991537 1.521436 12.455139
v 4.996213 1.519845 12.457201
v 5.001251 1.542626 12.465545
v 4.999594 1.541805 12.468743
v 5.003629 1.540879 12.467769
v 4.997591 1.542895 12.465145
v 5.000394 1.542638 12.461949
v 5.004128 1.541394 12.463574
v 4.985837 1.480712 1.631345
v 4.993225 1.480348 1.629766
v 4.982010 1.480446 1.624794
v 4.986997 1.479933 1.619129
v 4.993948 1.479836 1.622190
v 4.985972 1.482978 1.631145
v 4.993425 1.482592 1.629570
v 4.982174 1.482705 1.624629
v 4.987167 1.482165 1.618926
v 4.994194 1.482038 1.621979
v 4.987006 1.499030 1.629207
v 4.993148 1.498735 1.627892
v 4.983852 1.498802 1.623769
v 4.988050 1.498383 1.619109
v 4.993773 1.498326 1.621665
v 4.987479 1.509135 1.628114
v 4.992857 1.507961 1.626857
v 4.984793 1.510440 1.623306
v 4.988528 1.510075 1.619092
v 4.993503 1.508533 1.621290
v 4.990499 1.520384 1.630376
v 4.995574 1.519192 1.629170
v 4.987988 1.521770 1.625849
v 4.991537 1.521436 1.621841
v 4.996213 1.519845 1.623903
v 5.001252 1.542626 1.632247
v 4.999594 1.541805 1.635444
v 5.003629 1.540879 1.634470
v 4.997591 1.542895 1.631846
v 5.000394 1.542638 1.628651
v 5.004128 1.541394 1.630278
v 4.985837 1.480712 -12.813052
v 4.993225 1.480348 -12.814631
v 4.982010 1.480446 -12.819603
v 4.986997 1.479933 -12.825269
v 4.993948 1.479836 -12.822206
v 4.985972 1.482978 -12.813252
v 4.993425 1.482592 -12.814826
v 4.982174 1.482705 -12.819768
v 4.987166 1.482165 -12.825472
v 4.994194 1.482038 -12.822417
v 4.987007 1.499030 -12.815189
v 4.993148 1.498735 -12.816505
v 4.983852 1.498802 -12.820627
v 4.988050 1.498383 -12.825288
v 4.993773 1.498326 -12.822732
v 4.987479 1.509135 -12.816283
v 4.992857 1.507961 -12.817540
v 4.984793 1.510440 -12.821092
v 4.988528 1.510075 -12.825307
v 4.993504 1.508533 -12.823108
v 4.990499 1.520384 -12.814021
v 4.995574 1.519192 -12.815227
v 4.987988 1.521770 -12.818548
v 4.991537 1.521436 -12.822556
v 4.996213 1.519845 -12.820495
v 5.001252 1.542626 -12.812151
v 4.999594 1.541805 -12.808951
v 5.003630 1.540879 -12.809927
v 4.997591 1.542895 -12.812551
v 5.000395 1.542638 -12.815746
v 5.004128 1.541394 -12.814119
v 4.985837 1.480712 -9.201952
v 4.993225 1.480348 -9.203531
v 4.982010 1.480446 -9.208502
v 4.986997 1.479933 -9.214169
v 4.993948 1.479836 -9.211107
v 4.985972 1.482978 -9.202152
v 4.993425 1.482592 -9.203726
v 4.982174 1.482705 -9.208668
v 4.987166 1.482165 -9.214371
v 4.994194 1.482038 -9.211317
v 4.987006 1.499030 -9.204089
v 4.993148 1.498735 -9.205405
v 4.983852 1.498802 -9.209528
v 4.988049 1.498383 -9.214188
v 4.993773 1.498326 -9.211632
v 4.987479 1.509135 -9.205183
v 4.992857 1.507961 -9.206439
v 4.984792 1.510440 -9.209991
v 4.988528 1.510075 -9.214207
v 4.993504 1.508533 -9.212007
v 4.990499 1.520384 -9.202921
v 4.995574 1.519192 -9.204126
v 4.987988 1.521770 -9.207447
v 4.991537 1.521436 -9.211456
v 4.996212 1.519845 -9.209394
v 5.001251 1.542626 -9.201050
v 4.999594 1.541805 -9.197852
v 5.003630 1.540879 -9.198826
v 4.997591 1.542895 -9.201451
v 5.000394 1.542638 -9.204646
v 5.004128 1.541394 -9.203019
v 4.985837 1.480712 -5.590854
v 4.993225 1.480348 -5.592432
v 4.982009 1.480446 -5.597404
v 4.986997 1.479933 -5.603070
v 4.993948 1.479836 -5.600008
v 4.985972 1.482978 -5.591054
v 4.993425 1.482592 -5.592628
v 4.982173 1.482705 -5.597569
v 4.987167 1.482165 -5.603273
v 4.994194 1.482038 -5.600219
v 4.987007 1.499030 -5.592991
v 4.993148 1.498735 -5.594307
v 4.983852 1.498802 -5.598430
v 4.988050 1.498383 -5.603089
v 4.993773 1.498326 -5.600533
v 4.987479 1.509135 -5.594085
v 4.992857 1.507961 -5.595341
v 4.984792 1.510440 -5.598893
v 4.988528 1.510075 -5.603107
v 4.993504 1.508533 -5.600909
v 4.990498 1.520384 -5.591823
v 4.995574 1.519192 -5.593029
v 4.987988 1.521770 -5.596350
v 4.991537 1.521436 -5.600358
v 4.996213 1.519845 -5.598296
v 5.001252 1.542626 -5.589952
v 4.999594 1.541805 -5.586754
v 5.003629 1.540879 -5.587729
v 4.997591 1.542895 -5.590353
v 5.000394 1.542638 -5.593548
v 5.004128 1.541394 -5.591921
vn -0.4055 0.1033 0.9082
vn 0.7309 -0.0098 0.6824
vn -0.9937 0.0616 -0.0932
vn -0.2359 -0.0728 -0.9690
vn 0.8556 -0.1312 -0.5007
vn -0.3998 0.1192 0.9088
vn 0.7529 0.0329 0.6573
vn -0.9913 0.0795 -0.1048
vn -0.2082 -0.0274 -0.9777
vn 0.8627 -0.0604 -0.5022
vn -0.3947 0.1290 0.9097
vn 0.7473 0.0837 0.6592
vn -0.9904 0.0878 -0.1068
vn -0.2092 0.0146 -0.9778
vn 0.8659 0.0107 -0.5000
vn -0.4591 0.0292 0.8879
vn 0.7473 -0.0983 0.6572
vn -0.9728 0.1868 -0.1374
vn -0.2182 0.1442 -0.9652
vn 0.8304 -0.0368 -0.5559
vn -0.4364 -0.0435 0.8987
vn 0.6804 -0.3537 0.6418
vn -0.9316 0.3563 -0.0717
vn -0.1674 0.3174 -0.9334
vn 0.8445 -0.1154 -0.5229
vn 0.2546 0.9557 0.1474
vn -0.1743 0.4661 0.8674
vn 0.7418 0.2153 0.6352
vn -0.6149 0.7870 0.0501
vn 0.0327 0.7267 -0.6862
vn 0.8715 0.3702 -0.3215
vn 0.7309 -0.0099 0.6824
vn -0.9937 0.0615 -0.0932
vn -0.2358 -0.0728 -0.9691
vn 0.7529 0.0328 0.6574
vn 0.8627 -0.0604 -0.5021
vn -0.4591 0.0293 0.8879
vn -0.9728 0.1868 -0.1373
vn -0.1675 0.3174 -0.9334
vn 0.8445 -0.1154 -0.5230
vn 0.2547 0.9557 0.1473
vn -0.1742 0.4661 0.8674
vn 0.7418 0.2153 0.6351
vn -0.6149 0.7870 0.0502
vn 0.0326 0.7267 -0.6862
vn -0.2359 -0.0727 -0.9691
vn 0.8556 -0.1312 -0.5008
vn 0.8627 -0.0603 -0.5022
vn -0.4590 0.0293 0.8879
vn 0.7473 -0.0983 0.6571
vn 0.2547 0.9557 0.1474
vn -0.6150 0.7870 0.0501
vn -0.4055 0.1032 0.9083
vn -0.9937 0.0613 -0.0933
vn -0.2359 -0.0730 -0.9690
vn 0.8557 -0.1313 -0.5006
vn -0.3997 0.1191 0.9089
vn -0.9913 0.0794 -0.1048
vn -0.2083 -0.0275 -0.9777
vn 0.8626 -0.0604 -0.5023
vn -0.9904 0.0878 -0.1069
vn -0.2091 0.0146 -0.9778
vn 0.8659 0.0107 -0.5001
vn -0.4590 0.0292 0.8879
vn 0.7473 -0.0984 0.6571
vn -0.9728 0.1867 -0.1374
vn -0.2181 0.1442 -0.9652
vn 0.8305 -0.0368 -0.5558
vn -0.4363 -0.0435 0.8988
vn 0.6805 -0.3537 0.6417
vn -0.9316 0.3563 -0.0716
vn 0.8446 -0.1154 -0.5228
vn -0.6150 0.7869 0.0502
vn 0.0327 0.7268 -0.6861
vn 0.8716 0.3701 -0.3215
vn -0.2359 -0.0727 -0.9690
vn 0.8556 -0.1311 -0.5007
vn 0.8627 -0.0603 -0.5021
vn 0.7473 -0.0984 0.6572
vn -0.9727 0.1868 -0.1374
vn -0.4363 -0.0435 0.8987
vn 0.7529 0.0329 0.6574
vn -0.9904 0.0878 -0.1067
vn -0.2359 -0.0728 -0.9691
vn -0.4055 0.1034 0.9082
vn 0.8305 -0.0368 -0.5559
vn -0.1675 0.3173 -0.9334
vn 0.7417 0.2154 0.6352
vn -0.6150 0.7870 0.0502
vn -0.4054 0.1031 0.9083
vn 0.7309 -0.0100 0.6824
vn -0.9938 0.0614 -0.0932
vn 0.8556 -0.1314 -0.5007
vn -0.3998 0.1191 0.9088
vn 0.7529 0.0328 0.6573
vn 0.8305 -0.0369 -0.5559
vn -0.4056 0.1029 0.9082
vn -0.9938 0.0612 -0.0932
vn -0.3998 0.1190 0.9088
vn -0.9913 0.0793 -0.1048
vn 0.8304 -0.0369 -0.5559
vn -0.4364 -0.0434 0.8987
vn -0.9316 0.3564 -0.0717
vn 0.0327 0.7266 -0.6862
vn 0.8716 0.3702 -0.3215
vn -0.4054 0.1032 0.9083
vn -0.9937 0.0617 -0.0932
vn 0.8556 -0.1315 -0.5007
vn 0.7529 0.0327 0.6573
vn -0.2083 -0.0274 -0.9777
vn 0.8627 -0.0605 -0.5021
vn 0.8659 0.0108 -0.5000
vn 0.6805 -0.3537 0.6418
vn -0.1674 0.3173 -0.9334
vn -0.4055 0.1032 0.9082
vn 0.7309 -0.0099 0.6825
vn -0.9937 0.0616 -0.0934
vn -0.2359 -0.0729 -0.9690
vn 0.8557 -0.1315 -0.5005
vn 0.7530 0.0328 0.6572
vn -0.9913 0.0796 -0.1049
vn -0.2082 -0.0275 -0.9777
vn 0.8626 -0.0605 -0.5022
vn 0.7473 0.0836 0.6592
vn -0.9904 0.0877 -0.1070
vn 0.7474 -0.0984 0.6571
vn -0.9727 0.1868 -0.1375
vn -0.4362 -0.0435 0.8988
vn 0.8446 -0.1155 -0.5228
vn -0.1741 0.4661 0.8674
vn -0.4054 0.1034 0.9083
vn -0.2359 -0.0726 -0.9691
vn 0.8556 -0.1311 -0.5008
vn -0.3998 0.1193 0.9088
vn 0.7418 0.2154 0.6351
vn 0.0328 0.7267 -0.6862
vn 0.7310 -0.0100 0.6823
vn -0.9937 0.0615 -0.0933
vn 0.8555 -0.1313 -0.5009
vn 0.7528 0.0328 0.6574
vn 0.8628 -0.0604 -0.5020
vn 0.8660 0.0107 -0.5000
vn -0.4590 0.0292 0.8880
vn 0.8305 -0.0369 -0.5558
vn -0.1743 0.4660 0.8674
vn -0.4055 0.1031 0.9083
vn 0.7310 -0.0097 0.6823
vn -0.9938 0.0614 -0.0931
vn -0.9913 0.0795 -0.1047
vn -0.3946 0.1290 0.9098
vn 0.8445 -0.1153 -0.5229
vn 0.2546 0.9558 0.1474
vn -0.4055 0.1036 0.9082
vn 0.7310 -0.0095 0.6823
vn -0.2358 -0.0727 -0.9691
vn 0.8557 -0.1307 -0.5008
vn -0.3997 0.1193 0.9088
vn 0.7529 0.0330 0.6573
vn -0.2083 -0.0273 -0.9777
vn 0.8627 -0.0601 -0.5022
vn -0.1744 0.4661 0.8674
vn -0.4055 0.1033 0.9083
vn -0.9937 0.0614 -0.0932
vn -0.3946 0.1290 0.9097
vn 0.7417 0.2153 0.6352
vn 0.8557 -0.1308 -0.5007
vn -0.3997 0.1192 0.9088
vn 0.8627 -0.0602 -0.5022
vn 0.7473 0.0837 0.6591
vn 0.7474 -0.0983 0.6571
vn -0.1744 0.4660 0.8674
vn -0.9913 0.0796 -0.1048
vn -0.2093 0.0146 -0.9778
vn -0.9727 0.1868 -0.1373
vn -0.4055 0.1035 0.9082
vn 0.7310 -0.0096 0.6823
vn -0.2358 -0.0731 -0.9690
vn 0.8557 -0.1310 -0.5006
vn -0.3997 0.1193 0.9089
vn 0.8626 -0.0603 -0.5023
vn -0.4364 -0.0436 0.8987
vn -0.9316 0.3563 -0.0718
vn -0.1673 0.3174 -0.9334
vn -0.4054 0.1033 0.9083
vn 0.7310 -0.0099 0.6823
vn -0.9938 0.0616 -0.0931
vn -0.3997 0.1192 0.9089
vn -0.4056 0.1033 0.9082
vn 0.7310 -0.0099 0.6824
vn -0.1745 0.4661 0.8674
vn 0.8715 0.3702 -0.3216
vn -0.4056 0.1032 0.9082
vn 0.7308 -0.0098 0.6825
vn 0.8626 -0.0604 -0.5022
vn 0.8715 0.3701 -0.3216
vn 0.7309 -0.0097 0.6824
vn 0.8556 -0.1310 -0.5008
vn 0.7418 0.2154 0.6352
vn -0.4054 0.1035 0.9083
vn 0.2546 0.9557 0.1473
vt 0.451705 0.467461
vt 0.457387 0.467461
vt 0.815341 0.467461
vt 0.821023 0.467461
vt 0.269887 0.467461
vt 0.275569 0.467461
vt 0.633523 0.467461
vt 0.639205 0.467461
vt 0.088069 0.467461
vt 0.093751 0.467461
vt 0.454546 0.472382
vt 0.636364 0.472382
vt 0.818182 0.472382
vt 0.090910 0.472382
vt 0.272728 0.472382
s 1
usemtl suppots
f 994/16/285 997/17/288 1002/17/293 999/16/290
f 996/18/287 995/19/286 1000/19/291 1001/18/292
f 993/20/284 994/21/285 999/21/290 998/20/289
f 997/22/288 996/23/287 1001/23/292 1002/22/293
f 995/24/286 993/25/284 998/25/289 1000/24/291
f 1000/24/291 998/25/289 1003/25/294 1005/24/296
f 999/16/290 1002/17/293 1007/17/298 1004/16/295
f 1001/18/292 1000/19/291 1005/19/296 1006/18/297
f 998/20/289 999/21/290 1004/21/295 1003/20/294
f 1002/22/293 1001/23/292 1006/23/297 1007/22/298
f 1003/20/294 1004/21/295 1009/21/300 1008/20/299
f 1007/22/298 1006/23/297 1011/23/302 1012/22/303
f 1005/24/296 1003/25/294 1008/25/299 1010/24/301
f 1004/16/295 1007/17/298 1012/17/303 1009/16/300
f 1006/18/297 1005/19/296 1010/19/301 1011/18/302
f 1009/16/300 1012/17/303 1017/17/308 1014/16/305
f 1011/18/302 1010/19/301 1015/19/306 1016/18/307
f 1008/20/299 1009/21/300 1014/21/305 1013/20/304
f 1012/22/303 1011/23/302 1016/23/307 1017/22/308
f 1010/24/301 1008/25/299 1013/25/304 1015/24/306
f 1017/22/308 1016/23/307 1022/23/313 1023/22/314
f 1015/24/306 1013/25/304 1019/25/310 1021/24/312
f 1014/16/305 1017/17/308 1023/17/314 1020/16/311
f 1016/18/307 1015/19/306 1021/19/312 1022/18/313
f 1013/20/304 1014/21/305 1020/21/311 1019/20/310
f 1020/16/311 1023/17/314 1018/26/309
f 1023/22/314 1022/23/313 1018/27/309
f 1022/18/313 1021/19/312 1018/28/309
f 1021/24/312 1019/25/310 1018/29/309
f 1019/20/310 1020/21/311 1018/30/309
f 1025/16/315 1028/17/288 1033/17/319 1030/16/318
f 1027/18/317 1026/19/316 1031/19/291 1032/18/292
f 1024/20/284 1025/21/315 1030/21/318 1029/20/289
f 1028/22/288 1027/23/317 1032/23/292 1033/22/319
f 1026/24/316 1024/25/284 1029/25/289 1031/24/291
f 1031/24/291 1029/25/289 1034/25/294 1036/24/296
f 1030/16/318 1033/17/319 1038/17/298 1035/16/295
f 1032/18/292 1031/19/291 1036/19/296 1037/18/297
f 1029/20/289 1030/21/318 1035/21/295 1034/20/294
f 1033/22/319 1032/23/292 1037/23/297 1038/22/298
f 1034/20/294 1035/21/295 1040/21/300 1039/20/320
f 1038/22/298 1037/23/297 1042/23/302 1043/22/303
f 1036/24/296 1034/25/294 1039/25/320 1041/24/321
f 1035/16/295 1038/17/298 1043/17/303 1040/16/300
f 1037/18/297 1036/19/296 1041/19/321 1042/18/302
f 1040/16/300 1043/17/303 1048/17/323 1045/16/305
f 1042/18/302 1041/19/321 1046/19/306 1047/18/322
f 1039/20/320 1040/21/300 1045/21/305 1044/20/304
f 1043/22/303 1042/23/302 1047/23/322 1048/22/323
f 1041/24/321 1039/25/320 1044/25/304 1046/24/306
f 1048/22/323 1047/23/322 1053/23/328 1054/22/314
f 1046/24/306 1044/25/304 1050/25/325 1052/24/327
f 1045/16/305 1048/17/323 1054/17/314 1051/16/326
f 1047/18/322 1046/19/306 1052/19/327 1053/18/328
f 1044/20/304 1045/21/305 1051/21/326 1050/20/325
f 1051/16/326 1054/17/314 1049/26/324
f 1054/22/314 1053/23/328 1049/27/324
f 1053/18/328 1052/19/327 1049/28/324
f 1052/24/327 1050/25/325 1049/29/324
f 1050/20/325 1051/21/326 1049/30/324
f 1056/16/285 1059/17/330 1064/17/331 1061/16/318
f 1058/18/329 1057/19/286 1062/19/291 1063/18/292
f 1055/20/284 1056/21/285 1061/21/318 1060/20/289
f 1059/22/330 1058/23/329 1063/23/292 1064/22/331
f 1057/24/286 1055/25/284 1060/25/289 1062/24/291
f 1062/24/291 1060/25/289 1065/25/294 1067/24/296
f 1061/16/318 1064/17/331 1069/17/298 1066/16/295
f 1063/18/292 1062/19/291 1067/19/296 1068/18/297
f 1060/20/289 1061/21/318 1066/21/295 1065/20/294
f 1064/22/331 1063/23/292 1068/23/297 1069/22/298
f 1065/20/294 1066/21/295 1071/21/333 1070/20/332
f 1069/22/298 1068/23/297 1073/23/302 1074/22/303
f 1067/24/296 1065/25/294 1070/25/332 1072/24/321
f 1066/16/295 1069/17/298 1074/17/303 1071/16/333
f 1068/18/297 1067/19/296 1072/19/321 1073/18/302
f 1071/16/333 1074/17/303 1079/17/323 1076/16/305
f 1073/18/302 1072/19/321 1077/19/306 1078/18/322
f 1070/20/332 1071/21/333 1076/21/305 1075/20/304
f 1074/22/303 1073/23/302 1078/23/322 1079/22/323
f 1072/24/321 1070/25/332 1075/25/304 1077/24/306
f 1079/22/323 1078/23/322 1084/23/313 1085/22/314
f 1077/24/306 1075/25/304 1081/25/310 1083/24/335
f 1076/16/305 1079/17/323 1085/17/314 1082/16/326
f 1078/18/322 1077/19/306 1083/19/335 1084/18/313
f 1075/20/304 1076/21/305 1082/21/326 1081/20/310
f 1082/16/326 1085/17/314 1080/26/334
f 1085/22/314 1084/23/313 1080/27/334
f 1084/18/313 1083/19/335 1080/28/334
f 1083/24/335 1081/25/310 1080/29/334
f 1081/20/310 1082/21/326 1080/30/334
f 1087/16/285 1090/17/339 1095/17/343 1092/16/290
f 1089/18/338 1088/19/337 1093/19/341 1094/18/342
f 1086/20/336 1087/21/285 1092/21/290 1091/20/340
f 1090/22/339 1089/23/338 1094/23/342 1095/22/343
f 1088/24/337 1086/25/336 1091/25/340 1093/24/341
f 1093/24/341 1091/25/340 1096/25/294 1098/24/344
f 1092/16/290 1095/17/343 1100/17/346 1097/16/295
f 1094/18/342 1093/19/341 1098/19/344 1099/18/345
f 1091/20/340 1092/21/290 1097/21/295 1096/20/294
f 1095/22/343 1094/23/342 1099/23/345 1100/22/346
f 1096/20/294 1097/21/295 1102/21/348 1101/20/347
f 1100/22/346 1099/23/345 1104/23/350 1105/22/351
f 1098/24/344 1096/25/294 1101/25/347 1103/24/349
f 1097/16/295 1100/17/346 1105/17/351 1102/16/348
f 1099/18/345 1098/19/344 1103/19/349 1104/18/350
f 1102/16/348 1105/17/351 1110/17/355 1107/16/353
f 1104/18/350 1103/19/349 1108/19/354 1109/18/322
f 1101/20/347 1102/21/348 1107/21/353 1106/20/352
f 1105/22/351 1104/23/350 1109/23/322 1110/22/355
f 1103/24/349 1101/25/347 1106/25/352 1108/24/354
f 1110/22/355 1109/23/322 1115/23/357 1116/22/358
f 1108/24/354 1106/25/352 1112/25/325 1114/24/356
f 1107/16/353 1110/17/355 1116/17/358 1113/16/326
f 1109/18/322 1108/19/354 1114/19/356 1115/18/357
f 1106/20/352 1107/21/353 1113/21/326 1112/20/325
f 1113/16/326 1116/17/358 1111/26/309
f 1116/22/358 1115/23/357 1111/27/309
f 1115/18/357 1114/19/356 1111/28/309
f 1114/24/356 1112/25/325 1111/29/309
f 1112/20/325 1113/21/326 1111/30/309
f 1118/16/285 1121/17/360 1126/17/361 1123/16/290
f 1120/18/359 1119/19/286 1124/19/291 1125/18/292
f 1117/20/284 1118/21/285 1123/21/290 1122/20/289
f 1121/22/360 1120/23/359 1125/23/292 1126/22/361
f 1119/24/286 1117/25/284 1122/25/289 1124/24/291
f 1124/24/291 1122/25/289 1127/25/294 1129/24/344
f 1123/16/290 1126/17/361 1131/17/298 1128/16/295
f 1125/18/292 1124/19/291 1129/19/344 1130/18/297
f 1122/20/289 1123/21/290 1128/21/295 1127/20/294
f 1126/22/361 1125/23/292 1130/23/297 1131/22/298
f 1127/20/294 1128/21/295 1133/21/362 1132/20/299
f 1131/22/298 1130/23/297 1135/23/350 1136/22/303
f 1129/24/344 1127/25/294 1132/25/299 1134/24/363
f 1128/16/295 1131/17/298 1136/17/303 1133/16/362
f 1130/18/297 1129/19/344 1134/19/363 1135/18/350
f 1133/16/362 1136/17/303 1141/17/308 1138/16/305
f 1135/18/350 1134/19/363 1139/19/306 1140/18/307
f 1132/20/299 1133/21/362 1138/21/305 1137/20/364
f 1136/22/303 1135/23/350 1140/23/307 1141/22/308
f 1134/24/363 1132/25/299 1137/25/364 1139/24/306
f 1141/22/308 1140/23/307 1146/23/313 1147/22/314
f 1139/24/306 1137/25/364 1143/25/310 1145/24/335
f 1138/16/305 1141/17/308 1147/17/314 1144/16/311
f 1140/18/307 1139/19/306 1145/19/335 1146/18/313
f 1137/20/364 1138/21/305 1144/21/311 1143/20/310
f 1144/16/311 1147/17/314 1142/26/309
f 1147/22/314 1146/23/313 1142/27/309
f 1146/18/313 1145/19/335 1142/28/309
f 1145/24/335 1143/25/310 1142/29/309
f 1143/20/310 1144/21/311 1142/30/309
f 1149/16/285 1152/17/360 1157/17/361 1154/16/365
f 1151/18/329 1150/19/286 1155/19/291 1156/18/292
f 1148/20/284 1149/21/285 1154/21/365 1153/20/289
f 1152/22/360 1151/23/329 1156/23/292 1157/22/361
f 1150/24/286 1148/25/284 1153/25/289 1155/24/291
f 1155/24/291 1153/25/289 1158/25/294 1160/24/366
f 1154/16/365 1157/17/361 1162/17/298 1159/16/295
f 1156/18/292 1155/19/291 1160/19/366 1161/18/297
f 1153/20/289 1154/21/365 1159/21/295 1158/20/294
f 1157/22/361 1156/23/292 1161/23/297 1162/22/298
f 1158/20/294 1159/21/295 1164/21/300 1163/20/299
f 1162/22/298 1161/23/297 1166/23/302 1167/22/303
f 1160/24/366 1158/25/294 1163/25/299 1165/24/321
f 1159/16/295 1162/17/298 1167/17/303 1164/16/300
f 1161/18/297 1160/19/366 1165/19/321 1166/18/302
f 1164/16/300 1167/17/303 1172/17/323 1169/16/305
f 1166/18/302 1165/19/321 1170/19/306 1171/18/322
f 1163/20/299 1164/21/300 1169/21/305 1168/20/364
f 1167/22/303 1166/23/302 1171/23/322 1172/22/323
f 1165/24/321 1163/25/299 1168/25/364 1170/24/306
f 1172/22/323 1171/23/322 1177/23/313 1178/22/314
f 1170/24/306 1168/25/364 1174/25/325 1176/24/312
f 1169/16/305 1172/17/323 1178/17/314 1175/16/326
f 1171/18/322 1170/19/306 1176/19/312 1177/18/313
f 1168/20/364 1169/21/305 1175/21/326 1174/20/325
f 1175/16/326 1178/17/314 1173/26/334
f 1178/22/314 1177/23/313 1173/27/334
f 1177/18/313 1176/19/312 1173/28/334
f 1176/24/312 1174/25/325 1173/29/334
f 1174/20/325 1175/21/326 1173/30/334
f 1180/16/285 1183/17/288 1188/17/331 1185/16/318
f 1182/18/367 1181/19/286 1186/19/291 1187/18/292
f 1179/20/284 1180/21/285 1185/21/318 1184/20/289
f 1183/22/288 1182/23/367 1187/23/292 1188/22/331
f 1181/24/286 1179/25/284 1184/25/289 1186/24/291
f 1186/24/291 1184/25/289 1189/25/294 1191/24/296
f 1185/16/318 1188/17/331 1193/17/346 1190/16/295
f 1187/18/292 1186/19/291 1191/19/296 1192/18/297
f 1184/20/289 1185/21/318 1190/21/295 1189/20/294
f 1188/22/331 1187/23/292 1192/23/297 1193/22/346
f 1189/20/294 1190/21/295 1195/21/300 1194/20/299
f 1193/22/346 1192/23/297 1197/23/302 1198/22/303
f 1191/24/296 1189/25/294 1194/25/299 1196/24/321
f 1190/16/295 1193/17/346 1198/17/303 1195/16/300
f 1192/18/297 1191/19/296 1196/19/321 1197/18/302
f 1195/16/300 1198/17/303 1203/17/323 1200/16/305
f 1197/18/302 1196/19/321 1201/19/306 1202/18/322
f 1194/20/299 1195/21/300 1200/21/305 1199/20/304
f 1198/22/303 1197/23/302 1202/23/322 1203/22/323
f 1196/24/321 1194/25/299 1199/25/304 1201/24/306
f 1203/22/323 1202/23/322 1208/23/313 1209/22/314
f 1201/24/306 1199/25/304 1205/25/310 1207/24/327
f 1200/16/305 1203/17/323 1209/17/314 1206/16/311
f 1202/18/322 1201/19/306 1207/19/327 1208/18/313
f 1199/20/304 1200/21/305 1206/21/311 1205/20/310
f 1206/16/311 1209/17/314 1204/26/309
f 1209/22/314 1208/23/313 1204/27/309
f 1208/18/313 1207/19/327 1204/28/309
f 1207/24/327 1205/25/310 1204/29/309
f 1205/20/310 1206/21/311 1204/30/309
f 1211/16/285 1214/17/360 1219/17/361 1216/16/290
f 1213/18/359 1212/19/286 1217/19/291 1218/18/292
f 1210/20/368 1211/21/285 1216/21/290 1215/20/289
f 1214/22/360 1213/23/359 1218/23/292 1219/22/361
f 1212/24/286 1210/25/368 1215/25/289 1217/24/291
f 1217/24/291 1215/25/289 1220/25/294 1222/24/344
f 1216/16/290 1219/17/361 1224/17/298 1221/16/295
f 1218/18/292 1217/19/291 1222/19/344 1223/18/297
f 1215/20/289 1216/21/290 1221/21/295 1220/20/294
f 1219/22/361 1218/23/292 1223/23/297 1224/22/298
f 1220/20/294 1221/21/295 1226/21/300 1225/20/299
f 1224/22/298 1223/23/297 1228/23/350 1229/22/369
f 1222/24/344 1220/25/294 1225/25/299 1227/24/363
f 1221/16/295 1224/17/298 1229/17/369 1226/16/300
f 1223/18/297 1222/19/344 1227/19/363 1228/18/350
f 1226/16/300 1229/17/369 1234/17/308 1231/16/305
f 1228/18/350 1227/19/363 1232/19/306 1233/18/370
f 1225/20/299 1226/21/300 1231/21/305 1230/20/364
f 1229/22/369 1228/23/350 1233/23/370 1234/22/308
f 1227/24/363 1225/25/299 1230/25/364 1232/24/306
f 1234/22/308 1233/23/370 1239/23/313 1240/22/314
f 1232/24/306 1230/25/364 1236/25/310 1238/24/372
f 1231/16/305 1234/17/308 1240/17/314 1237/16/371
f 1233/18/370 1232/19/306 1238/19/372 1239/18/313
f 1230/20/364 1231/21/305 1237/21/371 1236/20/310
f 1237/16/371 1240/17/314 1235/26/309
f 1240/22/314 1239/23/313 1235/27/309
f 1239/18/313 1238/19/372 1235/28/309
f 1238/24/372 1236/25/310 1235/29/309
f 1236/20/310 1237/21/371 1235/30/309
f 1242/16/374 1245/17/376 1250/17/319 1247/16/378
f 1244/18/287 1243/19/375 1248/19/341 1249/18/292
f 1241/20/373 1242/21/374 1247/21/378 1246/20/377
f 1245/22/376 1244/23/287 1249/23/292 1250/22/319
f 1243/24/375 1241/25/373 1246/25/377 1248/24/341
f 1248/24/341 1246/25/377 1251/25/294 1253/24/296
f 1247/16/378 1250/17/319 1255/17/298 1252/16/295
f 1249/18/292 1248/19/341 1253/19/296 1254/18/297
f 1246/20/377 1247/21/378 1252/21/295 1251/20/294
f 1250/22/319 1249/23/292 1254/23/297 1255/22/298
f 1251/20/294 1252/21/295 1257/21/362 1256/20/299
f 1255/22/298 1254/23/297 1259/23/302 1260/22/379
f 1253/24/296 1251/25/294 1256/25/299 1258/24/321
f 1252/16/295 1255/17/298 1260/17/379 1257/16/362
f 1254/18/297 1253/19/296 1258/19/321 1259/18/302
f 1257/16/362 1260/17/379 1265/17/308 1262/16/305
f 1259/18/302 1258/19/321 1263/19/306 1264/18/307
f 1256/20/299 1257/21/362 1262/21/305 1261/20/364
f 1260/22/379 1259/23/302 1264/23/307 1265/22/308
f 1258/24/321 1256/25/299 1261/25/364 1263/24/306
f 1265/22/308 1264/23/307 1270/23/313 1271/22/314
f 1263/24/306 1261/25/364 1267/25/310 1269/24/335
f 1262/16/305 1265/17/308 1271/17/314 1268/16/326
f 1264/18/307 1263/19/306 1269/19/335 1270/18/313
f 1261/20/364 1262/21/305 1268/21/326 1267/20/310
f 1268/16/326 1271/17/314 1266/26/334
f 1271/22/314 1270/23/313 1266/27/334
f 1270/18/313 1269/19/335 1266/28/334
f 1269/24/335 1267/25/310 1266/29/334
f 1267/20/310 1268/21/326 1266/30/334
f 1273/16/315 1276/17/288 1281/17/319 1278/16/378
f 1275/18/287 1274/19/381 1279/19/383 1280/18/292
f 1272/20/380 1273/21/315 1278/21/378 1277/20/382
f 1276/22/288 1275/23/287 1280/23/292 1281/22/319
f 1274/24/381 1272/25/380 1277/25/382 1279/24/383
f 1279/24/383 1277/25/382 1282/25/294 1284/24/296
f 1278/16/378 1281/17/319 1286/17/298 1283/16/295
f 1280/18/292 1279/19/383 1284/19/296 1285/18/297
f 1277/20/382 1278/21/378 1283/21/295 1282/20/294
f 1281/22/319 1280/23/292 1285/23/297 1286/22/298
f 1282/20/294 1283/21/295 1288/21/362 1287/20/320
f 1286/22/298 1285/23/297 1290/23/302 1291/22/384
f 1284/24/296 1282/25/294 1287/25/320 1289/24/363
f 1283/16/295 1286/17/298 1291/17/384 1288/16/362
f 1285/18/297 1284/19/296 1289/19/363 1290/18/302
f 1288/16/362 1291/17/384 1296/17/323 1293/16/305
f 1290/18/302 1289/19/363 1294/19/386 1295/18/370
f 1287/20/320 1288/21/362 1293/21/305 1292/20/385
f 1291/22/384 1290/23/302 1295/23/370 1296/22/323
f 1289/24/363 1287/25/320 1292/25/385 1294/24/386
f 1296/22/323 1295/23/370 1301/23/387 1302/22/388
f 1294/24/386 1292/25/385 1298/25/310 1300/24/312
f 1293/16/305 1296/17/323 1302/17/388 1299/16/311
f 1295/18/370 1294/19/386 1300/19/312 1301/18/387
f 1292/20/385 1293/21/305 1299/21/311 1298/20/310
f 1299/16/311 1302/17/388 1297/26/334
f 1302/22/388 1301/23/387 1297/27/334
f 1301/18/387 1300/19/312 1297/28/334
f 1300/24/312 1298/25/310 1297/29/334
f 1298/20/310 1299/21/311 1297/30/334
f 1304/16/374 1307/17/391 1312/17/394 1309/16/392
f 1306/18/317 1305/19/390 1310/19/291 1311/18/393
f 1303/20/389 1304/21/374 1309/21/392 1308/20/377
f 1307/22/391 1306/23/317 1311/23/393 1312/22/394
f 1305/24/390 1303/25/389 1308/25/377 1310/24/291
f 1310/24/291 1308/25/377 1313/25/294 1315/24/296
f 1309/16/392 1312/17/394 1317/17/395 1314/16/295
f 1311/18/393 1310/19/291 1315/19/296 1316/18/297
f 1308/20/377 1309/21/392 1314/21/295 1313/20/294
f 1312/22/394 1311/23/393 1316/23/297 1317/22/395
f 1313/20/294 1314/21/295 1319/21/300 1318/20/320
f 1317/22/395 1316/23/297 1321/23/302 1322/22/369
f 1315/24/296 1313/25/294 1318/25/320 1320/24/321
f 1314/16/295 1317/17/395 1322/17/369 1319/16/300
f 1316/18/297 1315/19/296 1320/19/321 1321/18/302
f 1319/16/300 1322/17/369 1327/17/308 1324/16/396
f 1321/18/302 1320/19/321 1325/19/306 1326/18/397
f 1318/20/320 1319/21/300 1324/21/396 1323/20/364
f 1322/22/369 1321/23/302 1326/23/397 1327/22/308
f 1320/24/321 1318/25/320 1323/25/364 1325/24/306
f 1327/22/308 1326/23/397 1332/23/313 1333/22/358
f 1325/24/306 1323/25/364 1329/25/325 1331/24/335
f 1324/16/396 1327/17/308 1333/17/358 1330/16/326
f 1326/18/397 1325/19/306 1331/19/335 1332/18/313
f 1323/20/364 1324/21/396 1330/21/326 1329/20/325
f 1330/16/326 1333/17/358 1328/26/334
f 1333/22/358 1332/23/313 1328/27/334
f 1332/18/313 1331/19/335 1328/28/334
f 1331/24/335 1329/25/325 1328/29/334
f 1329/20/325 1330/21/326 1328/30/334
f 1335/16/399 1338/17/402 1343/17/406 1340/16/403
f 1337/18/401 1336/19/400 1341/19/404 1342/18/405
f 1334/20/398 1335/21/399 1340/21/403 1339/20/289
f 1338/22/402 1337/23/401 1342/23/405 1343/22/406
f 1336/24/400 1334/25/398 1339/25/289 1341/24/404
f 1341/24/404 1339/25/289 1344/25/294 1346/24/408
f 1340/16/403 1343/17/406 1348/17/346 1345/16/407
f 1342/18/405 1341/19/404 1346/19/408 1347/18/345
f 1339/20/289 1340/21/403 1345/21/407 1344/20/294
f 1343/22/406 1342/23/405 1347/23/345 1348/22/346
f 1344/20/294 1345/21/407 1350/21/409 1349/20/347
f 1348/22/346 1347/23/345 1352/23/350 1353/22/384
f 1346/24/408 1344/25/294 1349/25/347 1351/24/410
f 1345/16/407 1348/17/346 1353/17/384 1350/16/409
f 1347/18/345 1346/19/408 1351/19/410 1352/18/350
f 1350/16/409 1353/17/384 1358/17/412 1355/16/353
f 1352/18/350 1351/19/410 1356/19/306 1357/18/307
f 1349/20/347 1350/21/409 1355/21/353 1354/20/411
f 1353/22/384 1352/23/350 1357/23/307 1358/22/412
f 1351/24/410 1349/25/347 1354/25/411 1356/24/306
f 1358/22/412 1357/23/307 1363/23/357 1364/22/314
f 1356/24/306 1354/25/411 1360/25/413 1362/24/356
f 1355/16/353 1358/17/412 1364/17/314 1361/16/326
f 1357/18/307 1356/19/306 1362/19/356 1363/18/357
f 1354/20/411 1355/21/353 1361/21/326 1360/20/413
f 1361/16/326 1364/17/314 1359/26/309
f 1364/22/314 1363/23/357 1359/27/309
f 1363/18/357 1362/19/356 1359/28/309
f 1362/24/356 1360/25/413 1359/29/309
f 1360/20/413 1361/21/326 1359/30/309
f 1366/16/285 1369/17/416 1374/17/361 1371/16/378
f 1368/18/415 1367/19/390 1372/19/291 1373/18/292
f 1365/20/414 1366/21/285 1371/21/378 1370/20/417
f 1369/22/416 1368/23/415 1373/23/292 1374/22/361
f 1367/24/390 1365/25/414 1370/25/417 1372/24/291
f 1372/24/291 1370/25/417 1375/25/294 1377/24/296
f 1371/16/378 1374/17/361 1379/17/395 1376/16/295
f 1373/18/292 1372/19/291 1377/19/296 1378/18/297
f 1370/20/417 1371/21/378 1376/21/295 1375/20/294
f 1374/22/361 1373/23/292 1378/23/297 1379/22/395
f 1375/20/294 1376/21/295 1381/21/300 1380/20/299
f 1379/22/395 1378/23/297 1383/23/302 1384/22/303
f 1377/24/296 1375/25/294 1380/25/299 1382/24/321
f 1376/16/295 1379/17/395 1384/17/303 1381/16/300
f 1378/18/297 1377/19/296 1382/19/321 1383/18/302
f 1381/16/300 1384/17/303 1389/17/308 1386/16/305
f 1383/18/302 1382/19/321 1387/19/306 1388/18/307
f 1380/20/299 1381/21/300 1386/21/305 1385/20/364
f 1384/22/303 1383/23/302 1388/23/307 1389/22/308
f 1382/24/321 1380/25/299 1385/25/364 1387/24/306
f 1389/22/308 1388/23/307 1394/23/419 1395/22/358
f 1387/24/306 1385/25/364 1391/25/310 1393/24/372
f 1386/16/305 1389/17/308 1395/17/358 1392/16/418
f 1388/18/307 1387/19/306 1393/19/372 1394/18/419
f 1385/20/364 1386/21/305 1392/21/418 1391/20/310
f 1392/16/418 1395/17/358 1390/26/334
f 1395/22/358 1394/23/419 1390/27/334
f 1394/18/419 1393/19/372 1390/28/334
f 1393/24/372 1391/25/310 1390/29/334
f 1391/20/310 1392/21/418 1390/30/334
f 1397/16/420 1400/17/422 1405/17/424 1402/16/423
f 1399/18/359 1398/19/421 1403/19/291 1404/18/292
f 1396/20/389 1397/21/420 1402/21/423 1401/20/289
f 1400/22/422 1399/23/359 1404/23/292 1405/22/424
f 1398/24/421 1396/25/389 1401/25/289 1403/24/291
f 1403/24/291 1401/25/289 1406/25/294 1408/24/296
f 1402/16/423 1405/17/424 1410/17/425 1407/16/295
f 1404/18/292 1403/19/291 1408/19/296 1409/18/345
f 1401/20/289 1402/21/423 1407/21/295 1406/20/294
f 1405/22/424 1404/23/292 1409/23/345 1410/22/425
f 1406/20/294 1407/21/295 1412/21/333 1411/20/426
f 1410/22/425 1409/23/345 1414/23/302 1415/22/427
f 1408/24/296 1406/25/294 1411/25/426 1413/24/321
f 1407/16/295 1410/17/425 1415/17/427 1412/16/333
f 1409/18/345 1408/19/296 1413/19/321 1414/18/302
f 1412/16/333 1415/17/427 1420/17/355 1417/16/305
f 1414/18/302 1413/19/321 1418/19/354 1419/18/307
f 1411/20/426 1412/21/333 1417/21/305 1416/20/304
f 1415/22/427 1414/23/302 1419/23/307 1420/22/355
f 1413/24/321 1411/25/426 1416/25/304 1418/24/354
f 1420/22/355 1419/23/307 1425/23/313 1426/22/314
f 1418/24/354 1416/25/304 1422/25/428 1424/24/356
f 1417/16/305 1420/17/355 1426/17/314 1423/16/326
f 1419/18/307 1418/19/354 1424/19/356 1425/18/313
f 1416/20/304 1417/21/305 1423/21/326 1422/20/428
f 1423/16/326 1426/17/314 1421/26/309
f 1426/22/314 1425/23/313 1421/27/309
f 1425/18/313 1424/19/356 1421/28/309
f 1424/24/356 1422/25/428 1421/29/309
f 1422/20/428 1423/21/326 1421/30/309
f 1428/16/430 1431/17/360 1436/17/361 1433/16/290
f 1430/18/359 1429/19/431 1434/19/432 1435/18/292
f 1427/20/429 1428/21/430 1433/21/290 1432/20/340
f 1431/22/360 1430/23/359 1435/23/292 1436/22/361
f 1429/24/431 1427/25/429 1432/25/340 1434/24/432
f 1434/24/432 1432/25/340 1437/25/433 1439/24/296
f 1433/16/290 1436/17/361 1441/17/425 1438/16/407
f 1435/18/292 1434/19/432 1439/19/296 1440/18/297
f 1432/20/340 1433/21/290 1438/21/407 1437/20/433
f 1436/22/361 1435/23/292 1440/23/297 1441/22/425
f 1437/20/433 1438/21/407 1443/21/348 1442/20/332
f 1441/22/425 1440/23/297 1445/23/302 1446/22/351
f 1439/24/296 1437/25/433 1442/25/332 1444/24/321
f 1438/16/407 1441/17/425 1446/17/351 1443/16/348
f 1440/18/297 1439/19/296 1444/19/321 1445/18/302
f 1443/16/348 1446/17/351 1451/17/434 1448/16/396
f 1445/18/302 1444/19/321 1449/19/306 1450/18/322
f 1442/20/332 1443/21/348 1448/21/396 1447/20/364
f 1446/22/351 1445/23/302 1450/23/322 1451/22/434
f 1444/24/321 1442/25/332 1447/25/364 1449/24/306
f 1451/22/434 1450/23/322 1456/23/328 1457/22/314
f 1449/24/306 1447/25/364 1453/25/310 1455/24/335
f 1448/16/396 1451/17/434 1457/17/314 1454/16/371
f 1450/18/322 1449/19/306 1455/19/335 1456/18/328
f 1447/20/364 1448/21/396 1454/21/371 1453/20/310
f 1454/16/371 1457/17/314 1452/26/435
f 1457/22/314 1456/23/328 1452/27/435
f 1456/18/328 1455/19/335 1452/28/435
f 1455/24/335 1453/25/310 1452/29/435
f 1453/20/310 1454/21/371 1452/30/435
f 1459/16/437 1462/17/439 1467/17/443 1464/16/441
f 1461/18/438 1460/19/390 1465/19/291 1466/18/442
f 1458/20/436 1459/21/437 1464/21/441 1463/20/440
f 1462/22/439 1461/23/438 1466/23/442 1467/22/443
f 1460/24/390 1458/25/436 1463/25/440 1465/24/291
f 1465/24/291 1463/25/440 1468/25/294 1470/24/296
f 1464/16/441 1467/17/443 1472/17/298 1469/16/295
f 1466/18/442 1465/19/291 1470/19/296 1471/18/297
f 1463/20/440 1464/21/441 1469/21/295 1468/20/294
f 1467/22/443 1466/23/442 1471/23/297 1472/22/298
f 1468/20/294 1469/21/295 1474/21/300 1473/20/320
f 1472/22/298 1471/23/297 1476/23/302 1477/22/303
f 1470/24/296 1468/25/294 1473/25/320 1475/24/321
f 1469/16/295 1472/17/298 1477/17/303 1474/16/300
f 1471/18/297 1470/19/296 1475/19/321 1476/18/302
f 1474/16/300 1477/17/303 1482/17/323 1479/16/305
f 1476/18/302 1475/19/321 1480/19/306 1481/18/397
f 1473/20/320 1474/21/300 1479/21/305 1478/20/304
f 1477/22/303 1476/23/302 1481/23/397 1482/22/323
f 1475/24/321 1473/25/320 1478/25/304 1480/24/306
f 1482/22/323 1481/23/397 1487/23/419 1488/22/314
f 1480/24/306 1478/25/304 1484/25/444 1486/24/312
f 1479/16/305 1482/17/323 1488/17/314 1485/16/371
f 1481/18/397 1480/19/306 1486/19/312 1487/18/419
f 1478/20/304 1479/21/305 1485/21/371 1484/20/444
f 1485/16/371 1488/17/314 1483/26/435
f 1488/22/314 1487/23/419 1483/27/435
f 1487/18/419 1486/19/312 1483/28/435
f 1486/24/312 1484/25/444 1483/29/435
f 1484/20/444 1485/21/371 1483/30/435
f 1490/16/285 1493/17/288 1498/17/319 1495/16/378
f 1492/18/401 1491/19/446 1496/19/341 1497/18/393
f 1489/20/445 1490/21/285 1495/21/378 1494/20/289
f 1493/22/288 1492/23/401 1497/23/393 1498/22/319
f 1491/24/446 1489/25/445 1494/25/289 1496/24/341
f 1496/24/341 1494/25/289 1499/25/447 1501/24/296
f 1495/16/378 1498/17/319 1503/17/298 1500/16/295
f 1497/18/393 1496/19/341 1501/19/296 1502/18/297
f 1494/20/289 1495/21/378 1500/21/295 1499/20/447
f 1498/22/319 1497/23/393 1502/23/297 1503/22/298
f 1499/20/447 1500/21/295 1505/21/333 1504/20/320
f 1503/22/298 1502/23/297 1507/23/302 1508/22/303
f 1501/24/296 1499/25/447 1504/25/320 1506/24/363
f 1500/16/295 1503/17/298 1508/17/303 1505/16/333
f 1502/18/297 1501/19/296 1506/19/363 1507/18/302
f 1505/16/333 1508/17/303 1513/17/308 1510/16/305
f 1507/18/302 1506/19/363 1511/19/306 1512/18/307
f 1504/20/320 1505/21/333 1510/21/305 1509/20/304
f 1508/22/303 1507/23/302 1512/23/307 1513/22/308
f 1506/24/363 1504/25/320 1509/25/304 1511/24/306
f 1513/22/308 1512/23/307 1518/23/313 1519/22/358
f 1511/24/306 1509/25/304 1515/25/444 1517/24/335
f 1510/16/305 1513/17/308 1519/17/358 1516/16/448
f 1512/18/307 1511/19/306 1517/19/335 1518/18/313
f 1509/20/304 1510/21/305 1516/21/448 1515/20/444
f 1516/16/448 1519/17/358 1514/26/309
f 1519/22/358 1518/23/313 1514/27/309
f 1518/18/313 1517/19/335 1514/28/309
f 1517/24/335 1515/25/444 1514/29/309
f 1515/20/444 1516/21/448 1514/30/309
f 1521/16/430 1524/17/449 1529/17/451 1526/16/290
f 1523/18/438 1522/19/316 1527/19/291 1528/18/442
f 1520/20/368 1521/21/430 1526/21/290 1525/20/450
f 1524/22/449 1523/23/438 1528/23/442 1529/22/451
f 1522/24/316 1520/25/368 1525/25/450 1527/24/291
f 1527/24/291 1525/25/450 1530/25/433 1532/24/296
f 1526/16/290 1529/17/451 1534/17/298 1531/16/452
f 1528/18/442 1527/19/291 1532/19/296 1533/18/297
f 1525/20/450 1526/21/290 1531/21/452 1530/20/433
f 1529/22/451 1528/23/442 1533/23/297 1534/22/298
f 1530/20/433 1531/21/452 1536/21/453 1535/20/347
f 1534/22/298 1533/23/297 1538/23/302 1539/22/351
f 1532/24/296 1530/25/433 1535/25/347 1537/24/321
f 1531/16/452 1534/17/298 1539/17/351 1536/16/453
f 1533/18/297 1532/19/296 1537/19/321 1538/18/302
f 1536/16/453 1539/17/351 1544/17/308 1541/16/396
f 1538/18/302 1537/19/321 1542/19/306 1543/18/307
f 1535/20/347 1536/21/453 1541/21/396 1540/20/304
f 1539/22/351 1538/23/302 1543/23/307 1544/22/308
f 1537/24/321 1535/25/347 1540/25/304 1542/24/306
f 1544/22/308 1543/23/307 1549/23/419 1550/22/314
f 1542/24/306 1540/25/304 1546/25/454 1548/24/335
f 1541/16/396 1544/17/308 1550/17/314 1547/16/371
f 1543/18/307 1542/19/306 1548/19/335 1549/18/419
f 1540/20/304 1541/21/396 1547/21/371 1546/20/454
f 1547/16/371 1550/17/314 1545/26/309
f 1550/22/314 1549/23/419 1545/27/309
f 1549/18/419 1548/19/335 1545/28/309
f 1548/24/335 1546/25/454 1545/29/309
f 1546/20/454 1547/21/371 1545/30/309
f 1552/16/315 1555/17/330 1560/17/293 1557/16/318
f 1554/18/329 1553/19/390 1558/19/455 1559/18/393
f 1551/20/368 1552/21/315 1557/21/318 1556/20/289
f 1555/22/330 1554/23/329 1559/23/393 1560/22/293
f 1553/24/390 1551/25/368 1556/25/289 1558/24/455
f 1558/24/455 1556/25/289 1561/25/294 1563/24/296
f 1557/16/318 1560/17/293 1565/17/298 1562/16/295
f 1559/18/393 1558/19/455 1563/19/296 1564/18/456
f 1556/20/289 1557/21/318 1562/21/295 1561/20/294
f 1560/22/293 1559/23/393 1564/23/456 1565/22/298
f 1561/20/294 1562/21/295 1567/21/300 1566/20/320
f 1565/22/298 1564/23/456 1569/23/302 1570/22/303
f 1563/24/296 1561/25/294 1566/25/320 1568/24/457
f 1562/16/295 1565/17/298 1570/17/303 1567/16/300
f 1564/18/456 1563/19/296 1568/19/457 1569/18/302
f 1567/16/300 1570/17/303 1575/17/323 1572/16/305
f 1569/18/302 1568/19/457 1573/19/306 1574/18/307
f 1566/20/320 1567/21/300 1572/21/305 1571/20/304
f 1570/22/303 1569/23/302 1574/23/307 1575/22/323
f 1568/24/457 1566/25/320 1571/25/304 1573/24/306
f 1575/22/323 1574/23/307 1580/23/313 1581/22/314
f 1573/24/306 1571/25/304 1577/25/310 1579/24/312
f 1572/16/305 1575/17/323 1581/17/314 1578/16/326
f 1574/18/307 1573/19/306 1579/19/312 1580/18/313
f 1571/20/304 1572/21/305 1578/21/326 1577/20/310
f 1578/16/326 1581/17/314 1576/26/334
f 1581/22/314 1580/23/313 1576/27/334
f 1580/18/313 1579/19/312 1576/28/334
f 1579/24/312 1577/25/310 1576/29/334
f 1577/20/310 1578/21/326 1576/30/334
f 1583/16/459 1586/17/461 1591/17/463 1588/16/441
f 1585/18/460 1584/19/400 1589/19/291 1590/18/342
f 1582/20/458 1583/21/459 1588/21/441 1587/20/462
f 1586/22/461 1585/23/460 1590/23/342 1591/22/463
f 1584/24/400 1582/25/458 1587/25/462 1589/24/291
f 1589/24/291 1587/25/462 1592/25/447 1594/24/296
f 1588/16/441 1591/17/463 1596/17/346 1593/16/295
f 1590/18/342 1589/19/291 1594/19/296 1595/18/297
f 1587/20/462 1588/21/441 1593/21/295 1592/20/447
f 1591/22/463 1590/23/342 1595/23/297 1596/22/346
f 1592/20/447 1593/21/295 1598/21/348 1597/20/299
f 1596/22/346 1595/23/297 1600/23/350 1601/22/427
f 1594/24/296 1592/25/447 1597/25/299 1599/24/301
f 1593/16/295 1596/17/346 1601/17/427 1598/16/348
f 1595/18/297 1594/19/296 1599/19/301 1600/18/350
f 1598/16/348 1601/17/427 1606/17/355 1603/16/353
f 1600/18/350 1599/19/301 1604/19/465 1605/18/466
f 1597/20/299 1598/21/348 1603/21/353 1602/20/464
f 1601/22/427 1600/23/350 1605/23/466 1606/22/355
f 1599/24/301 1597/25/299 1602/25/464 1604/24/465
f 1606/22/355 1605/23/466 1611/23/419 1612/22/358
f 1604/24/465 1602/25/464 1608/25/310 1610/24/312
f 1603/16/353 1606/17/355 1612/17/358 1609/16/326
f 1605/18/466 1604/19/465 1610/19/312 1611/18/419
f 1602/20/464 1603/21/353 1609/21/326 1608/20/310
f 1609/16/326 1612/17/358 1607/26/324
f 1612/22/358 1611/23/419 1607/27/324
f 1611/18/419 1610/19/312 1607/28/324
f 1610/24/312 1608/25/310 1607/29/324
f 1608/20/310 1609/21/326 1607/30/324
f 1614/16/285 1617/17/330 1622/17/361 1619/16/378
f 1616/18/329 1615/19/286 1620/19/291 1621/18/393
f 1613/20/368 1614/21/285 1619/21/378 1618/20/450
f 1617/22/330 1616/23/329 1621/23/393 1622/22/361
f 1615/24/286 1613/25/368 1618/25/450 1620/24/291
f 1620/24/291 1618/25/450 1623/25/294 1625/24/296
f 1619/16/378 1622/17/361 1627/17/298 1624/16/295
f 1621/18/393 1620/19/291 1625/19/296 1626/18/297
f 1618/20/450 1619/21/378 1624/21/295 1623/20/294
f 1622/22/361 1621/23/393 1626/23/297 1627/22/298
f 1623/20/294 1624/21/295 1629/21/300 1628/20/299
f 1627/22/298 1626/23/297 1631/23/302 1632/22/369
f 1625/24/296 1623/25/294 1628/25/299 1630/24/321
f 1624/16/295 1627/17/298 1632/17/369 1629/16/300
f 1626/18/297 1625/19/296 1630/19/321 1631/18/302
f 1629/16/300 1632/17/369 1637/17/308 1634/16/305
f 1631/18/302 1630/19/321 1635/19/306 1636/18/307
f 1628/20/299 1629/21/300 1634/21/305 1633/20/304
f 1632/22/369 1631/23/302 1636/23/307 1637/22/308
f 1630/24/321 1628/25/299 1633/25/304 1635/24/306
f 1637/22/308 1636/23/307 1642/23/313 1643/22/314
f 1635/24/306 1633/25/304 1639/25/310 1641/24/312
f 1634/16/305 1637/17/308 1643/17/314 1640/16/311
f 1636/18/307 1635/19/306 1641/19/312 1642/18/313
f 1633/20/304 1634/21/305 1640/21/311 1639/20/310
f 1640/16/311 1643/17/314 1638/26/334
f 1643/22/314 1642/23/313 1638/27/334
f 1642/18/313 1641/19/312 1638/28/334
f 1641/24/312 1639/25/310 1638/29/334
f 1639/20/310 1640/21/311 1638/30/334
f 1645/16/468 1648/17/360 1653/17/361 1650/16/378
f 1647/18/287 1646/19/469 1651/19/291 1652/18/393
f 1644/20/467 1645/21/468 1650/21/378 1649/20/470
f 1648/22/360 1647/23/287 1652/23/393 1653/22/361
f 1646/24/469 1644/25/467 1649/25/470 1651/24/291
f 1651/24/291 1649/25/470 1654/25/447 1656/24/296
f 1650/16/378 1653/17/361 1658/17/425 1655/16/295
f 1652/18/393 1651/19/291 1656/19/296 1657/18/297
f 1649/20/470 1650/21/378 1655/21/295 1654/20/447
f 1653/22/361 1652/23/393 1657/23/297 1658/22/425
f 1654/20/447 1655/21/295 1660/21/333 1659/20/347
f 1658/22/425 1657/23/297 1662/23/302 1663/22/351
f 1656/24/296 1654/25/447 1659/25/347 1661/24/321
f 1655/16/295 1658/17/425 1663/17/351 1660/16/333
f 1657/18/297 1656/19/296 1661/19/321 1662/18/302
f 1660/16/333 1663/17/351 1668/17/308 1665/16/396
f 1662/18/302 1661/19/321 1666/19/306 1667/18/307
f 1659/20/347 1660/21/333 1665/21/396 1664/20/364
f 1663/22/351 1662/23/302 1667/23/307 1668/22/308
f 1661/24/321 1659/25/347 1664/25/364 1666/24/306
f 1668/22/308 1667/23/307 1673/23/313 1674/22/314
f 1666/24/306 1664/25/364 1670/25/310 1672/24/312
f 1665/16/396 1668/17/308 1674/17/314 1671/16/326
f 1667/18/307 1666/19/306 1672/19/312 1673/18/313
f 1664/20/364 1665/21/396 1671/21/326 1670/20/310
f 1671/16/326 1674/17/314 1669/26/309
f 1674/22/314 1673/23/313 1669/27/309
f 1673/18/313 1672/19/312 1669/28/309
f 1672/24/312 1670/25/310 1669/29/309
f 1670/20/310 1671/21/326 1669/30/309
f 1676/16/285 1679/17/416 1684/17/331 1681/16/423
f 1678/18/329 1677/19/316 1682/19/291 1683/18/292
f 1675/20/471 1676/21/285 1681/21/423 1680/20/289
f 1679/22/416 1678/23/329 1683/23/292 1684/22/331
f 1677/24/316 1675/25/471 1680/25/289 1682/24/291
f 1682/24/291 1680/25/289 1685/25/294 1687/24/296
f 1681/16/423 1684/17/331 1689/17/298 1686/16/295
f 1683/18/292 1682/19/291 1687/19/296 1688/18/297
f 1680/20/289 1681/21/423 1686/21/295 1685/20/294
f 1684/22/331 1683/23/292 1688/23/297 1689/22/298
f 1685/20/294 1686/21/295 1691/21/300 1690/20/299
f 1689/22/298 1688/23/297 1693/23/302 1694/22/303
f 1687/24/296 1685/25/294 1690/25/299 1692/24/363
f 1686/16/295 1689/17/298 1694/17/303 1691/16/300
f 1688/18/297 1687/19/296 1692/19/363 1693/18/302
f 1691/16/300 1694/17/303 1699/17/323 1696/16/305
f 1693/18/302 1692/19/363 1697/19/306 1698/18/322
f 1690/20/299 1691/21/300 1696/21/305 1695/20/304
f 1694/22/303 1693/23/302 1698/23/322 1699/22/323
f 1692/24/363 1690/25/299 1695/25/304 1697/24/306
f 1699/22/323 1698/23/322 1704/23/313 1705/22/388
f 1697/24/306 1695/25/304 1701/25/310 1703/24/335
f 1696/16/305 1699/17/323 1705/17/388 1702/16/311
f 1698/18/322 1697/19/306 1703/19/335 1704/18/313
f 1695/20/304 1696/21/305 1702/21/311 1701/20/310
f 1702/16/311 1705/17/388 1700/26/309
f 1705/22/388 1704/23/313 1700/27/309
f 1704/18/313 1703/19/335 1700/28/309
f 1703/24/335 1701/25/310 1700/29/309
f 1701/20/310 1702/21/311 1700/30/309
f 1707/16/315 1710/17/376 1715/17/319 1712/16/378
f 1709/18/359 1708/19/316 1713/19/291 1714/18/292
f 1706/20/398 1707/21/315 1712/21/378 1711/20/377
f 1710/22/376 1709/23/359 1714/23/292 1715/22/319
f 1708/24/316 1706/25/398 1711/25/377 1713/24/291
f 1713/24/291 1711/25/377 1716/25/294 1718/24/296
f 1712/16/378 1715/17/319 1720/17/298 1717/16/295
f 1714/18/292 1713/19/291 1718/19/296 1719/18/297
f 1711/20/377 1712/21/378 1717/21/295 1716/20/294
f 1715/22/319 1714/23/292 1719/23/297 1720/22/298
f 1716/20/294 1717/21/295 1722/21/300 1721/20/299
f 1720/22/298 1719/23/297 1724/23/302 1725/22/369
f 1718/24/296 1716/25/294 1721/25/299 1723/24/301
f 1717/16/295 1720/17/298 1725/17/369 1722/16/300
f 1719/18/297 1718/19/296 1723/19/301 1724/18/302
f 1722/16/300 1725/17/369 1730/17/308 1727/16/396
f 1724/18/302 1723/19/301 1728/19/306 1729/18/397
f 1721/20/299 1722/21/300 1727/21/396 1726/20/364
f 1725/22/369 1724/23/302 1729/23/397 1730/22/308
f 1723/24/301 1721/25/299 1726/25/364 1728/24/306
f 1730/22/308 1729/23/397 1735/23/313 1736/22/314
f 1728/24/306 1726/25/364 1732/25/310 1734/24/327
f 1727/16/396 1730/17/308 1736/17/314 1733/16/418
f 1729/18/397 1728/19/306 1734/19/327 1735/18/313
f 1726/20/364 1727/21/396 1733/21/418 1732/20/310
f 1733/16/418 1736/17/314 1731/26/309
f 1736/22/314 1735/23/313 1731/27/309
f 1735/18/313 1734/19/327 1731/28/309
f 1734/24/327 1732/25/310 1731/29/309
f 1732/20/310 1733/21/418 1731/30/309
f 1738/16/285 1741/17/288 1746/17/293 1743/16/378
f 1740/18/401 1739/19/446 1744/19/341 1745/18/393
f 1737/20/445 1738/21/285 1743/21/378 1742/20/289
f 1741/22/288 1740/23/401 1745/23/393 1746/22/293
f 1739/24/446 1737/25/445 1742/25/289 1744/24/341
f 1744/24/341 1742/25/289 1747/25/447 1749/24/296
f 1743/16/378 1746/17/293 1751/17/298 1748/16/295
f 1745/18/393 1744/19/341 1749/19/296 1750/18/297
f 1742/20/289 1743/21/378 1748/21/295 1747/20/447
f 1746/22/293 1745/23/393 1750/23/297 1751/22/298
f 1747/20/447 1748/21/295 1753/21/333 1752/20/299
f 1751/22/298 1750/23/297 1755/23/302 1756/22/303
f 1749/24/296 1747/25/447 1752/25/299 1754/24/301
f 1748/16/295 1751/17/298 1756/17/303 1753/16/333
f 1750/18/297 1749/19/296 1754/19/301 1755/18/302
f 1753/16/333 1756/17/303 1761/17/308 1758/16/305
f 1755/18/302 1754/19/301 1759/19/306 1760/18/397
f 1752/20/299 1753/21/333 1758/21/305 1757/20/304
f 1756/22/303 1755/23/302 1760/23/397 1761/22/308
f 1754/24/301 1752/25/299 1757/25/304 1759/24/306
f 1761/22/308 1760/23/397 1766/23/313 1767/22/314
f 1759/24/306 1757/25/304 1763/25/310 1765/24/312
f 1758/16/305 1761/17/308 1767/17/314 1764/16/448
f 1760/18/397 1759/19/306 1765/19/312 1766/18/313
f 1757/20/304 1758/21/305 1764/21/448 1763/20/310
f 1764/16/448 1767/17/314 1762/26/309
f 1767/22/314 1766/23/313 1762/27/309
f 1766/18/313 1765/19/312 1762/28/309
f 1765/24/312 1763/25/310 1762/29/309
f 1763/20/310 1764/21/448 1762/30/309
f 1769/16/472 1772/17/288 1777/17/319 1774/16/378
f 1771/18/367 1770/19/286 1775/19/291 1776/18/292
f 1768/20/467 1769/21/472 1774/21/378 1773/20/289
f 1772/22/288 1771/23/367 1776/23/292 1777/22/319
f 1770/24/286 1768/25/467 1773/25/289 1775/24/291
f 1775/24/291 1773/25/289 1778/25/294 1780/24/296
f 1774/16/378 1777/17/319 1782/17/298 1779/16/295
f 1776/18/292 1775/19/291 1780/19/296 1781/18/297
f 1773/20/289 1774/21/378 1779/21/295 1778/20/294
f 1777/22/319 1776/23/292 1781/23/297 1782/22/298
f 1778/20/294 1779/21/295 1784/21/333 1783/20/299
f 1782/22/298 1781/23/297 1786/23/302 1787/22/351
f 1780/24/296 1778/25/294 1783/25/299 1785/24/321
f 1779/16/295 1782/17/298 1787/17/351 1784/16/333
f 1781/18/297 1780/19/296 1785/19/321 1786/18/302
f 1784/16/333 1787/17/351 1792/17/323 1789/16/396
f 1786/18/302 1785/19/321 1790/19/306 1791/18/322
f 1783/20/299 1784/21/333 1789/21/396 1788/20/364
f 1787/22/351 1786/23/302 1791/23/322 1792/22/323
f 1785/24/321 1783/25/299 1788/25/364 1790/24/306
f 1792/22/323 1791/23/322 1797/23/313 1798/22/474
f 1790/24/306 1788/25/364 1794/25/473 1796/24/335
f 1789/16/396 1792/17/323 1798/17/474 1795/16/371
f 1791/18/322 1790/19/306 1796/19/335 1797/18/313
f 1788/20/364 1789/21/396 1795/21/371 1794/20/473
f 1795/16/371 1798/17/474 1793/26/435
f 1798/22/474 1797/23/313 1793/27/435
f 1797/18/313 1796/19/335 1793/28/435
f 1796/24/335 1794/25/473 1793/29/435
f 1794/20/473 1795/21/371 1793/30/435
f 1800/16/285 1803/17/416 1808/17/331 1805/16/318
f 1802/18/329 1801/19/286 1806/19/291 1807/18/292
f 1799/20/471 1800/21/285 1805/21/318 1804/20/289
f 1803/22/416 1802/23/329 1807/23/292 1808/22/331
f 1801/24/286 1799/25/471 1804/25/289 1806/24/291
f 1806/24/291 1804/25/289 1809/25/294 1811/24/296
f 1805/16/318 1808/17/331 1813/17/298 1810/16/295
f 1807/18/292 1806/19/291 1811/19/296 1812/18/297
f 1804/20/289 1805/21/318 1810/21/295 1809/20/294
f 1808/22/331 1807/23/292 1812/23/297 1813/22/298
f 1809/20/294 1810/21/295 1815/21/300 1814/20/320
f 1813/22/298 1812/23/297 1817/23/302 1818/22/303
f 1811/24/296 1809/25/294 1814/25/320 1816/24/363
f 1810/16/295 1813/17/298 1818/17/303 1815/16/300
f 1812/18/297 1811/19/296 1816/19/363 1817/18/302
f 1815/16/300 1818/17/303 1823/17/323 1820/16/396
f 1817/18/302 1816/19/363 1821/19/306 1822/18/370
f 1814/20/320 1815/21/300 1820/21/396 1819/20/364
f 1818/22/303 1817/23/302 1822/23/370 1823/22/323
f 1816/24/363 1814/25/320 1819/25/364 1821/24/306
f 1823/22/323 1822/23/370 1828/23/328 1829/22/474
f 1821/24/306 1819/25/364 1825/25/325 1827/24/312
f 1820/16/396 1823/17/323 1829/17/474 1826/16/326
f 1822/18/370 1821/19/306 1827/19/312 1828/18/328
f 1819/20/364 1820/21/396 1826/21/326 1825/20/325
f 1826/16/326 1829/17/474 1824/26/309
f 1829/22/474 1828/23/328 1824/27/309
f 1828/18/328 1827/19/312 1824/28/309
f 1827/24/312 1825/25/325 1824/29/309
f 1825/20/325 1826/21/326 1824/30/309
f 1831/16/476 1834/17/339 1839/17/477 1836/16/290
f 1833/18/338 1832/19/421 1837/19/432 1838/18/342
f 1830/20/475 1831/21/476 1836/21/290 1835/20/289
f 1834/22/339 1833/23/338 1838/23/342 1839/22/477
f 1832/24/421 1830/25/475 1835/25/289 1837/24/432
f 1837/24/432 1835/25/289 1840/25/447 1842/24/296
f 1836/16/290 1839/17/477 1844/17/425 1841/16/295
f 1838/18/342 1837/19/432 1842/19/296 1843/18/297
f 1835/20/289 1836/21/290 1841/21/295 1840/20/447
f 1839/22/477 1838/23/342 1843/23/297 1844/22/425
f 1840/20/447 1841/21/295 1846/21/409 1845/20/426
f 1844/22/425 1843/23/297 1848/23/302 1849/22/369
f 1842/24/296 1840/25/447 1845/25/426 1847/24/321
f 1841/16/295 1844/17/425 1849/17/369 1846/16/409
f 1843/18/297 1842/19/296 1847/19/321 1848/18/302
f 1846/16/409 1849/17/369 1854/17/323 1851/16/353
f 1848/18/302 1847/19/321 1852/19/354 1853/18/322
f 1845/20/426 1846/21/409 1851/21/353 1850/20/352
f 1849/22/369 1848/23/302 1853/23/322 1854/22/323
f 1847/24/321 1845/25/426 1850/25/352 1852/24/354
f 1854/22/323 1853/23/322 1859/23/313 1860/22/478
f 1852/24/354 1850/25/352 1856/25/444 1858/24/327
f 1851/16/353 1854/17/323 1860/17/478 1857/16/371
f 1853/18/322 1852/19/354 1858/19/327 1859/18/313
f 1850/20/352 1851/21/353 1857/21/371 1856/20/444
f 1857/16/371 1860/17/478 1855/26/334
f 1860/22/478 1859/23/313 1855/27/334
f 1859/18/313 1858/19/327 1855/28/334
f 1858/24/327 1856/25/444 1855/29/334
f 1856/20/444 1857/21/371 1855/30/334
f 1862/16/479 1865/17/480 1870/17/361 1867/16/290
f 1864/18/329 1863/19/421 1868/19/291 1869/18/292
f 1861/20/284 1862/21/479 1867/21/290 1866/20/470
f 1865/22/480 1864/23/329 1869/23/292 1870/22/361
f 1863/24/421 1861/25/284 1866/25/470 1868/24/291
f 1868/24/291 1866/25/470 1871/25/294 1873/24/296
f 1867/16/290 1870/17/361 1875/17/346 1872/16/295
f 1869/18/292 1868/19/291 1873/19/296 1874/18/297
f 1866/20/470 1867/21/290 1872/21/295 1871/20/294
f 1870/22/361 1869/23/292 1874/23/297 1875/22/346
f 1871/20/294 1872/21/295 1877/21/333 1876/20/299
f 1875/22/346 1874/23/297 1879/23/302 1880/22/303
f 1873/24/296 1871/25/294 1876/25/299 1878/24/363
f 1872/16/295 1875/17/346 1880/17/303 1877/16/333
f 1874/18/297 1873/19/296 1878/19/363 1879/18/302
f 1877/16/333 1880/17/303 1885/17/308 1882/16/305
f 1879/18/302 1878/19/363 1883/19/306 1884/18/370
f 1876/20/299 1877/21/333 1882/21/305 1881/20/364
f 1880/22/303 1879/23/302 1884/23/370 1885/22/308
f 1878/24/363 1876/25/299 1881/25/364 1883/24/306
f 1885/22/308 1884/23/370 1890/23/313 1891/22/314
f 1883/24/306 1881/25/364 1887/25/310 1889/24/312
f 1882/16/305 1885/17/308 1891/17/314 1888/16/481
f 1884/18/370 1883/19/306 1889/19/312 1890/18/313
f 1881/20/364 1882/21/305 1888/21/481 1887/20/310
f 1888/16/481 1891/17/314 1886/26/435
f 1891/22/314 1890/23/313 1886/27/435
f 1890/18/313 1889/19/312 1886/28/435
f 1889/24/312 1887/25/310 1886/29/435
f 1887/20/310 1888/21/481 1886/30/435
f 1893/16/468 1896/17/360 1901/17/361 1898/16/378
f 1895/18/317 1894/19/286 1899/19/455 1900/18/393
f 1892/20/482 1893/21/468 1898/21/378 1897/20/440
f 1896/22/360 1895/23/317 1900/23/393 1901/22/361
f 1894/24/286 1892/25/482 1897/25/440 1899/24/455
f 1899/24/455 1897/25/440 1902/25/447 1904/24/296
f 1898/16/378 1901/17/361 1906/17/425 1903/16/295
f 1900/18/393 1899/19/455 1904/19/296 1905/18/297
f 1897/20/440 1898/21/378 1903/21/295 1902/20/447
f 1901/22/361 1900/23/393 1905/23/297 1906/22/425
f 1902/20/447 1903/21/295 1908/21/453 1907/20/299
f 1906/22/425 1905/23/297 1910/23/350 1911/22/351
f 1904/24/296 1902/25/447 1907/25/299 1909/24/301
f 1903/16/295 1906/17/425 1911/17/351 1908/16/453
f 1905/18/297 1904/19/296 1909/19/301 1910/18/350
f 1908/16/453 1911/17/351 1916/17/308 1913/16/396
f 1910/18/350 1909/19/301 1914/19/306 1915/18/307
f 1907/20/299 1908/21/453 1913/21/396 1912/20/304
f 1911/22/351 1910/23/350 1915/23/307 1916/22/308
f 1909/24/301 1907/25/299 1912/25/304 1914/24/306
f 1916/22/308 1915/23/307 1921/23/313 1922/22/478
f 1914/24/306 1912/25/304 1918/25/444 1920/24/312
f 1913/16/396 1916/17/308 1922/17/478 1919/16/418
f 1915/18/307 1914/19/306 1920/19/312 1921/18/313
f 1912/20/304 1913/21/396 1919/21/418 1918/20/444
f 1919/16/418 1922/17/478 1917/26/483
f 1922/22/478 1921/23/313 1917/27/483
f 1921/18/313 1920/19/312 1917/28/483
f 1920/24/312 1918/25/444 1917/29/483
f 1918/20/444 1919/21/418 1917/30/483
f 1924/16/315 1927/17/360 1932/17/361 1929/16/318
f 1926/18/415 1925/19/316 1930/19/291 1931/18/442
f 1923/20/336 1924/21/315 1929/21/318 1928/20/377
f 1927/22/360 1926/23/415 1931/23/442 1932/22/361
f 1925/24/316 1923/25/336 1928/25/377 1930/24/291
f 1930/24/291 1928/25/377 1933/25/294 1935/24/296
f 1929/16/318 1932/17/361 1937/17/346 1934/16/295
f 1931/18/442 1930/19/291 1935/19/296 1936/18/297
f 1928/20/377 1929/21/318 1934/21/295 1933/20/294
f 1932/22/361 1931/23/442 1936/23/297 1937/22/346
f 1933/20/294 1934/21/295 1939/21/300 1938/20/320
f 1937/22/346 1936/23/297 1941/23/302 1942/22/303
f 1935/24/296 1933/25/294 1938/25/320 1940/24/457
f 1934/16/295 1937/17/346 1942/17/303 1939/16/300
f 1936/18/297 1935/19/296 1940/19/457 1941/18/302
f 1939/16/300 1942/17/303 1947/17/323 1944/16/305
f 1941/18/302 1940/19/457 1945/19/306 1946/18/322
f 1938/20/320 1939/21/300 1944/21/305 1943/20/364
f 1942/22/303 1941/23/302 1946/23/322 1947/22/323
f 1940/24/457 1938/25/320 1943/25/364 1945/24/306
f 1947/22/323 1946/23/322 1952/23/313 1953/22/314
f 1945/24/306 1943/25/364 1949/25/310 1951/24/356
f 1944/16/305 1947/17/323 1953/17/314 1950/16/326
f 1946/18/322 1945/19/306 1951/19/356 1952/18/313
f 1943/20/364 1944/21/305 1950/21/326 1949/20/310
f 1950/16/326 1953/17/314 1948/26/309
f 1953/22/314 1952/23/313 1948/27/309
f 1952/18/313 1951/19/356 1948/28/309
f 1951/24/356 1949/25/310 1948/29/309
f 1949/20/310 1950/21/326 1948/30/309
f 1955/16/285 1958/17/288 1963/17/319 1960/16/378
f 1957/18/287 1956/19/286 1961/19/291 1962/18/292
f 1954/20/445 1955/21/285 1960/21/378 1959/20/450
f 1958/22/288 1957/23/287 1962/23/292 1963/22/319
f 1956/24/286 1954/25/445 1959/25/450 1961/24/291
f 1961/24/291 1959/25/450 1964/25/447 1966/24/296
f 1960/16/378 1963/17/319 1968/17/298 1965/16/295
f 1962/18/292 1961/19/291 1966/19/296 1967/18/297
f 1959/20/450 1960/21/378 1965/21/295 1964/20/447
f 1963/22/319 1962/23/292 1967/23/297 1968/22/298
f 1964/20/447 1965/21/295 1970/21/300 1969/20/299
f 1968/22/298 1967/23/297 1972/23/302 1973/22/369
f 1966/24/296 1964/25/447 1969/25/299 1971/24/321
f 1965/16/295 1968/17/298 1973/17/369 1970/16/300
f 1967/18/297 1966/19/296 1971/19/321 1972/18/302
f 1970/16/300 1973/17/369 1978/17/308 1975/16/305
f 1972/18/302 1971/19/321 1976/19/306 1977/18/307
f 1969/20/299 1970/21/300 1975/21/305 1974/20/304
f 1973/22/369 1972/23/302 1977/23/307 1978/22/308
f 1971/24/321 1969/25/299 1974/25/304 1976/24/306
f 1978/22/308 1977/23/307 1983/23/313 1984/22/314
f 1976/24/306 1974/25/304 1980/25/310 1982/24/335
f 1975/16/305 1978/17/308 1984/17/314 1981/16/311
f 1977/18/307 1976/19/306 1982/19/335 1983/18/313
f 1974/20/304 1975/21/305 1981/21/311 1980/20/310
f 1981/16/311 1984/17/314 1979/26/309
f 1984/22/314 1983/23/313 1979/27/309
f 1983/18/313 1982/19/335 1979/28/309
f 1982/24/335 1980/25/310 1979/29/309
f 1980/20/310 1981/21/311 1979/30/309
